CREATE DATABASE  IF NOT EXISTS `dashboarddb` /*!40100 DEFAULT CHARACTER SET utf8mb4 COLLATE utf8mb4_unicode_ci */ /*!80016 DEFAULT ENCRYPTION='N' */;
USE `dashboarddb`;
-- MySQL dump 10.13  Distrib 8.0.41, for Win64 (x86_64)
--
-- Host: localhost    Database: dashboarddb
-- ------------------------------------------------------
-- Server version	8.0.41

/*!40101 SET @OLD_CHARACTER_SET_CLIENT=@@CHARACTER_SET_CLIENT */;
/*!40101 SET @OLD_CHARACTER_SET_RESULTS=@@CHARACTER_SET_RESULTS */;
/*!40101 SET @OLD_COLLATION_CONNECTION=@@COLLATION_CONNECTION */;
/*!50503 SET NAMES utf8 */;
/*!40103 SET @OLD_TIME_ZONE=@@TIME_ZONE */;
/*!40103 SET TIME_ZONE='+00:00' */;
/*!40014 SET @OLD_UNIQUE_CHECKS=@@UNIQUE_CHECKS, UNIQUE_CHECKS=0 */;
/*!40014 SET @OLD_FOREIGN_KEY_CHECKS=@@FOREIGN_KEY_CHECKS, FOREIGN_KEY_CHECKS=0 */;
/*!40101 SET @OLD_SQL_MODE=@@SQL_MODE, SQL_MODE='NO_AUTO_VALUE_ON_ZERO' */;
/*!40111 SET @OLD_SQL_NOTES=@@SQL_NOTES, SQL_NOTES=0 */;

--
-- Table structure for table `demographics`
--

DROP TABLE IF EXISTS `demographics`;
/*!40101 SET @saved_cs_client     = @@character_set_client */;
/*!50503 SET character_set_client = utf8mb4 */;
CREATE TABLE `demographics` (
  `respondent_id` int NOT NULL,
  `relationship_status` varchar(50) COLLATE utf8mb4_unicode_ci DEFAULT NULL,
  `occupation_status` varchar(50) COLLATE utf8mb4_unicode_ci DEFAULT NULL,
  PRIMARY KEY (`respondent_id`),
  CONSTRAINT `fk_demo_resp` FOREIGN KEY (`respondent_id`) REFERENCES `respondent` (`respondent_id`) ON DELETE CASCADE
) ENGINE=InnoDB DEFAULT CHARSET=utf8mb4 COLLATE=utf8mb4_unicode_ci;
/*!40101 SET character_set_client = @saved_cs_client */;

--
-- Dumping data for table `demographics`
--

LOCK TABLES `demographics` WRITE;
/*!40000 ALTER TABLE `demographics` DISABLE KEYS */;
INSERT INTO `demographics` VALUES (1,'In a relationship','University Student'),(2,'string','string'),(3,'Single','University Student'),(4,'Single','University Student'),(5,'Single','University Student'),(6,'Single','University Student'),(7,'Married','University Student'),(8,'In a relationship','University Student'),(9,'In a relationship','University Student'),(10,'Single','University Student'),(11,'Single','University Student'),(12,'Single','University Student'),(13,'Single','University Student'),(14,'Single','University Student'),(15,'Single','University Student'),(16,'In a relationship','University Student'),(17,'Single','University Student'),(18,'Single','School Student'),(19,'Single','University Student'),(20,'Divorced','Salaried Worker'),(21,'In a relationship','University Student'),(22,'Single','University Student'),(23,'Single','University Student'),(24,'Married','University Student'),(25,'Single','University Student'),(26,'Married','Salaried Worker'),(27,'Single','University Student'),(28,'Married','Salaried Worker'),(29,'In a relationship','University Student'),(30,'Single','University Student'),(31,'In a relationship','University Student'),(32,'Married','Salaried Worker'),(33,'Single','Salaried Worker'),(34,'Single','School Student'),(35,'Single','University Student'),(36,'Single','University Student'),(37,'Single','University Student'),(38,'Single','University Student'),(39,'Single','University Student'),(40,'Single','University Student'),(41,'Single','University Student'),(42,'Single','University Student'),(43,'Married','Retired'),(44,'Single','School Student'),(45,'Single','Salaried Worker'),(46,'In a relationship','University Student'),(47,'Married','Retired'),(48,'Single','School Student'),(49,'Married','Salaried Worker'),(50,'Single','Salaried Worker'),(51,'Single','University Student'),(52,'Single','Salaried Worker'),(53,'Single','University Student'),(54,'Married','Salaried Worker'),(55,'In a relationship','Salaried Worker'),(56,'Single','University Student'),(57,'Married','University Student'),(58,'Single','School Student'),(59,'Married','University Student'),(60,'Married','University Student'),(61,'Single','University Student'),(62,'Married','University Student'),(63,'Single','University Student'),(64,'Single','Salaried Worker'),(65,'Single','University Student'),(66,'In a relationship','School Student'),(67,'In a relationship','University Student'),(68,'Single','School Student'),(69,'Single','School Student'),(70,'Single','University Student'),(71,'Married','Salaried Worker'),(72,'Single','School Student'),(73,'Single','School Student'),(74,'Married','Salaried Worker'),(75,'Single','Retired'),(76,'Single','Salaried Worker'),(77,'Single','University Student'),(78,'Single','University Student'),(79,'Single','University Student'),(80,'Single','University Student'),(81,'Single','University Student'),(82,'Single','University Student'),(83,'Single','University Student'),(84,'In a relationship','University Student'),(85,'Single','School Student'),(86,'Single','Salaried Worker'),(87,'In a relationship','University Student'),(88,'Married','Salaried Worker'),(89,'Single','University Student'),(90,'In a relationship','University Student'),(91,'In a relationship','University Student'),(92,'Single','University Student'),(93,'Single','University Student'),(94,'Single','School Student'),(95,'Single','Salaried Worker'),(96,'Single','University Student'),(97,'Single','School Student'),(98,'Single','School Student'),(99,'Single','School Student'),(100,'Single','School Student'),(101,'In a relationship','University Student'),(102,'In a relationship','University Student'),(103,'Single','University Student'),(104,'Single','University Student'),(105,'Single','University Student'),(106,'Single','University Student'),(107,'Single','University Student'),(108,'Married','Salaried Worker'),(109,'In a relationship','University Student'),(110,'Married','Salaried Worker'),(111,'Married','Salaried Worker'),(112,'Single','Salaried Worker'),(113,'Married','Salaried Worker'),(114,'Married','Salaried Worker'),(115,'Single','Salaried Worker'),(116,'Married','Salaried Worker'),(117,'Single','University Student'),(118,'Single','University Student'),(119,'In a relationship','University Student'),(120,'Single','University Student'),(121,'Married','Salaried Worker'),(122,'Single','University Student'),(123,'Single','University Student'),(124,'Single','University Student'),(125,'Single','University Student'),(126,'Single','University Student'),(127,'Single','University Student'),(128,'Single','University Student'),(129,'Single','University Student'),(130,'Single','School Student'),(131,'Single','Salaried Worker'),(132,'Married','Salaried Worker'),(133,'Single','Salaried Worker'),(134,'Married','Salaried Worker'),(135,'Divorced','Salaried Worker'),(136,'Married','Retired'),(137,'Married','Salaried Worker'),(138,'Married','Salaried Worker'),(139,'Married','Salaried Worker'),(140,'Married','Salaried Worker'),(141,'Married','Salaried Worker'),(142,'Married','Salaried Worker'),(143,'Single','Salaried Worker'),(144,'Divorced','Salaried Worker'),(145,'Single','University Student'),(146,'Married','Salaried Worker'),(147,'In a relationship','University Student'),(148,'Married','Salaried Worker'),(149,'Married','Salaried Worker'),(150,'Married','Salaried Worker'),(151,'In a relationship','University Student'),(152,'Married','Salaried Worker'),(153,'Married','Salaried Worker'),(154,'Married','Salaried Worker'),(155,'Divorced','Salaried Worker'),(156,'In a relationship','University Student'),(157,'Married','Salaried Worker'),(158,'Married','Salaried Worker'),(159,'Married','Retired'),(160,'In a relationship','School Student'),(161,'In a relationship','Salaried Worker'),(162,'Married','Salaried Worker'),(163,'Married','Retired'),(164,'Married','Salaried Worker'),(165,'Married','Salaried Worker'),(166,'Married','Salaried Worker'),(167,'Married','Salaried Worker'),(168,'Single','University Student'),(169,'Married','Salaried Worker'),(170,'In a relationship','University Student'),(171,'Single','University Student'),(172,'Single','University Student'),(173,'Single','University Student'),(174,'Single','University Student'),(175,'In a relationship','University Student'),(176,'Married','Salaried Worker'),(177,'Divorced','Salaried Worker'),(178,'Single','University Student'),(179,'Single','University Student'),(180,'In a relationship','University Student'),(181,'Married','Salaried Worker'),(182,'Married','Salaried Worker'),(183,'Married','Salaried Worker'),(184,'Married','Salaried Worker'),(185,'In a relationship','University Student'),(186,'Married','Salaried Worker'),(187,'Married','Salaried Worker'),(188,'Single','Salaried Worker'),(189,'Married','University Student'),(190,'In a relationship','University Student'),(191,'Single','University Student'),(192,'Single','School Student'),(193,'In a relationship','University Student'),(194,'In a relationship','University Student'),(195,'Single','University Student'),(196,'Married','Salaried Worker'),(197,'Married','Salaried Worker'),(198,'Married','Salaried Worker'),(199,'Single','School Student'),(200,'Married','Salaried Worker'),(201,'Single','University Student'),(202,'In a relationship','University Student'),(203,'Married','University Student'),(204,'In a relationship','University Student'),(205,'Married','Salaried Worker'),(206,'Single','School Student'),(207,'Married','Salaried Worker'),(208,'Single','University Student'),(209,'Single','Salaried Worker'),(210,'Single','University Student'),(211,'Single','Salaried Worker'),(212,'Single','University Student'),(213,'Married','Salaried Worker'),(214,'Single','University Student'),(215,'In a relationship','University Student'),(216,'In a relationship','University Student'),(217,'Married','Salaried Worker'),(218,'Married','Salaried Worker'),(219,'Single','University Student'),(220,'Single','Salaried Worker'),(221,'In a relationship','University Student'),(222,'Single','University Student'),(223,'Single','University Student'),(224,'Single','University Student'),(225,'In a relationship','University Student'),(226,'In a relationship','University Student'),(227,'Single','University Student'),(228,'Single','University Student'),(229,'Married','Salaried Worker'),(230,'In a relationship','University Student'),(231,'In a relationship','University Student'),(232,'Single','University Student'),(233,'Single','University Student'),(234,'Single','University Student'),(235,'In a relationship','University Student'),(236,'In a relationship','Salaried Worker'),(237,'Married','Salaried Worker'),(238,'Single','University Student'),(239,'Divorced','Salaried Worker'),(240,'Single','Salaried Worker'),(241,'Single','University Student'),(242,'Single','University Student'),(243,'Single','University Student'),(244,'Single','School Student'),(245,'Single','University Student'),(246,'In a relationship','Salaried Worker'),(247,'Single','University Student'),(248,'Single','University Student'),(249,'Married','Salaried Worker'),(250,'Single','University Student'),(251,'Married','Salaried Worker'),(252,'Single','Salaried Worker'),(253,'Single','University Student'),(254,'Married','University Student'),(255,'Single','University Student'),(256,'Single','University Student'),(257,'Single','University Student'),(258,'Single','University Student'),(259,'Single','University Student'),(260,'In a relationship','University Student'),(261,'Married','Salaried Worker'),(262,'In a relationship','University Student'),(263,'Single','University Student'),(264,'Single','University Student'),(265,'Single','University Student'),(266,'Single','University Student'),(267,'In a relationship','Salaried Worker'),(268,'Single','University Student'),(269,'Single','University Student'),(270,'In a relationship','University Student'),(271,'Single','School Student'),(272,'Single','University Student'),(273,'Single','University Student'),(274,'Single','University Student'),(275,'Single','University Student'),(276,'In a relationship','University Student'),(277,'In a relationship','University Student'),(278,'Single','Salaried Worker'),(279,'In a relationship','University Student'),(280,'Single','School Student'),(281,'Single','University Student'),(282,'Single','School Student'),(283,'Single','University Student'),(284,'Single','University Student'),(285,'Single','University Student'),(286,'Single','University Student'),(287,'Single','University Student'),(288,'Single','University Student'),(289,'In a relationship','University Student'),(290,'In a relationship','Salaried Worker'),(291,'Single','University Student'),(292,'In a relationship','University Student'),(293,'Single','University Student'),(294,'In a relationship','University Student'),(295,'Single','University Student'),(296,'In a relationship','Salaried Worker'),(297,'Single','School Student'),(298,'Single','University Student'),(299,'Single','University Student'),(300,'Single','University Student'),(301,'In a relationship','University Student'),(302,'Single','Salaried Worker'),(303,'Single','School Student'),(304,'Single','Salaried Worker'),(305,'Single','University Student'),(306,'In a relationship','Salaried Worker'),(307,'In a relationship','University Student'),(308,'In a relationship','University Student'),(309,'Single','University Student'),(310,'Single','University Student'),(311,'Single','School Student'),(312,'Single','University Student'),(313,'Single','School Student'),(314,'Single','University Student'),(315,'Single','University Student'),(316,'Married','University Student'),(317,'Single','University Student'),(318,'In a relationship','University Student'),(319,'Single','University Student'),(320,'Single','University Student'),(321,'Single','University Student'),(322,'Single','University Student'),(323,'Single','School Student'),(324,'Single','University Student'),(325,'Single','University Student'),(326,'Single','University Student'),(327,'Single','University Student'),(328,'Single','University Student'),(329,'Single','University Student'),(330,'Married','University Student'),(331,'Single','University Student'),(332,'Single','Salaried Worker'),(333,'Single','Salaried Worker'),(334,'Single','University Student'),(335,'Single','University Student'),(336,'Single','University Student'),(337,'Single','University Student'),(338,'Single','School Student'),(339,'In a relationship','University Student'),(340,'Single','Salaried Worker'),(341,'Single','Salaried Worker'),(342,'Single','University Student'),(343,'Single','Salaried Worker'),(344,'Single','University Student'),(345,'Single','University Student'),(346,'In a relationship','University Student'),(347,'Married','Salaried Worker'),(348,'Married','University Student'),(349,'In a relationship','University Student'),(350,'Single','School Student'),(351,'Single','University Student'),(352,'In a relationship','Salaried Worker'),(353,'Single','University Student'),(354,'Single','Salaried Worker'),(355,'Single','School Student'),(356,'Married','Salaried Worker'),(357,'Single','University Student'),(358,'Single','University Student'),(359,'Single','University Student'),(360,'Single','Salaried Worker'),(361,'Single','School Student'),(362,'Married','Salaried Worker'),(363,'In a relationship','University Student'),(364,'In a relationship','University Student'),(365,'Married','University Student'),(366,'Single','University Student'),(367,'In a relationship','University Student'),(368,'Divorced','University Student'),(369,'In a relationship','Salaried Worker'),(370,'Single','Salaried Worker'),(371,'Single','Salaried Worker'),(372,'Married','University Student'),(373,'Single','University Student'),(374,'Single','University Student'),(375,'In a relationship','University Student'),(376,'In a relationship','University Student'),(377,'Single','University Student'),(378,'Single','Salaried Worker'),(379,'Single','University Student'),(380,'Single','University Student'),(381,'Single','University Student'),(382,'Single','University Student'),(383,'Single','University Student'),(384,'Single','Salaried Worker'),(385,'In a relationship','University Student'),(386,'Single','University Student'),(387,'Single','University Student'),(388,'Single','School Student'),(389,'Single','University Student'),(390,'Single','University Student'),(391,'Single','University Student'),(392,'Single','University Student'),(393,'Single','University Student'),(394,'Single','University Student'),(395,'In a relationship','School Student'),(396,'Married','Salaried Worker'),(397,'Single','University Student'),(398,'Single','University Student'),(399,'Single','University Student'),(400,'Single','University Student'),(401,'Single','University Student'),(402,'Married','Salaried Worker'),(403,'Single','University Student'),(404,'Married','Salaried Worker'),(405,'Married','Salaried Worker'),(406,'Single','University Student'),(407,'Single','Salaried Worker'),(408,'In a relationship','University Student'),(409,'Single','University Student'),(410,'In a relationship','University Student'),(411,'Single','University Student'),(412,'Single','University Student'),(413,'In a relationship','University Student'),(414,'Single','School Student'),(415,'In a relationship','University Student'),(416,'Single','School Student'),(417,'Single','School Student'),(418,'In a relationship','School Student'),(419,'Single','University Student'),(420,'Single','University Student'),(421,'Single','University Student'),(422,'In a relationship','University Student'),(423,'Single','Salaried Worker'),(424,'In a relationship','University Student'),(425,'In a relationship','School Student'),(426,'Single','School Student'),(427,'Married','University Student'),(428,'Married','Salaried Worker'),(429,'Married','Retired'),(430,'Single','University Student'),(431,'Single','University Student'),(432,'Single','University Student'),(433,'Single','University Student'),(434,'Single','University Student'),(435,'Single','University Student'),(436,'Single','University Student'),(437,'In a relationship','University Student'),(438,'In a relationship','Salaried Worker'),(439,'Single','University Student'),(440,'In a relationship','University Student'),(441,'In a relationship','University Student'),(442,'In a relationship','University Student'),(443,'Single','University Student'),(444,'Single','University Student'),(445,'Single','University Student'),(446,'Single','University Student'),(447,'In a relationship','University Student'),(448,'In a relationship','University Student'),(449,'Single','University Student'),(450,'Single','University Student'),(451,'Single','University Student'),(452,'Single','University Student'),(453,'Single','Salaried Worker'),(454,'Single','Retired'),(455,'Married','Salaried Worker'),(456,'Married','Salaried Worker'),(457,'Married','Salaried Worker'),(458,'Married','Salaried Worker'),(459,'Single','School Student'),(460,'Single','University Student'),(461,'Married','University Student'),(462,'Single','University Student'),(463,'Married','Salaried Worker'),(464,'Single','School Student'),(465,'Single','School Student'),(466,'Single','School Student'),(467,'In a relationship','School Student'),(468,'Single','University Student'),(469,'Single','School Student'),(470,'Single','School Student'),(471,'Single','University Student'),(472,'Single','University Student'),(473,'Married','Salaried Worker'),(474,'Married','University Student'),(475,'Married','Salaried Worker'),(476,'Married','Salaried Worker'),(477,'Single','Salaried Worker'),(478,'Married','Salaried Worker'),(479,'Married','Salaried Worker'),(480,'Single','University Student'),(481,'Married','Salaried Worker'),(487,'Soltero','Desempleado'),(492,'Casado','Jubilado'),(493,'Soltero','Jubilado'),(495,'Soltero','Jubilado'),(496,'Soltero','Jubilado'),(497,'Soltero','Jubilado'),(498,'Soltero','Estudiante escolar'),(499,'Soltero','Trabajador');
/*!40000 ALTER TABLE `demographics` ENABLE KEYS */;
UNLOCK TABLES;

--
-- Table structure for table `mental_health_metrics`
--

DROP TABLE IF EXISTS `mental_health_metrics`;
/*!40101 SET @saved_cs_client     = @@character_set_client */;
/*!50503 SET character_set_client = utf8mb4 */;
CREATE TABLE `mental_health_metrics` (
  `respondent_id` int NOT NULL,
  `easily_distracted_scale` tinyint DEFAULT NULL,
  `worry_intensity_scale` tinyint DEFAULT NULL,
  `difficulty_concentrating` tinyint DEFAULT NULL,
  `social_comparison_frequency` tinyint DEFAULT NULL,
  `comparison_feeling` tinyint DEFAULT NULL,
  `validation_seeking_frequency` tinyint DEFAULT NULL,
  `depressed_frequency` tinyint DEFAULT NULL,
  `interest_fluctuation_scale` tinyint DEFAULT NULL,
  `sleep_issue_scale` tinyint DEFAULT NULL,
  PRIMARY KEY (`respondent_id`),
  CONSTRAINT `fk_mhm_resp` FOREIGN KEY (`respondent_id`) REFERENCES `respondent` (`respondent_id`) ON DELETE CASCADE
) ENGINE=InnoDB DEFAULT CHARSET=utf8mb4 COLLATE=utf8mb4_unicode_ci;
/*!40101 SET character_set_client = @saved_cs_client */;

--
-- Dumping data for table `mental_health_metrics`
--

LOCK TABLES `mental_health_metrics` WRITE;
/*!40000 ALTER TABLE `mental_health_metrics` DISABLE KEYS */;
INSERT INTO `mental_health_metrics` VALUES (1,5,2,5,2,3,2,5,4,5),(2,0,0,0,0,0,0,0,0,0),(3,2,5,4,3,3,1,4,2,5),(4,3,5,3,5,1,2,4,3,2),(5,4,5,5,3,3,3,4,4,1),(6,3,4,3,4,4,3,3,2,4),(7,2,4,3,5,3,4,5,5,3),(8,3,3,1,1,3,1,5,5,1),(9,3,1,1,1,3,1,5,5,1),(10,1,1,1,1,1,1,1,1,1),(11,4,3,5,4,2,3,5,4,5),(12,5,3,4,2,2,3,3,4,2),(13,4,4,2,4,2,1,3,1,5),(14,1,4,4,2,3,2,3,3,3),(15,5,5,5,5,5,5,5,5,5),(16,3,4,4,3,2,2,3,4,2),(17,2,4,2,1,3,1,4,1,3),(18,4,3,3,1,4,2,2,2,2),(19,4,5,5,2,3,1,3,3,1),(20,3,4,1,1,5,3,2,2,2),(21,3,3,2,2,2,1,2,3,2),(22,2,4,2,5,2,1,3,3,1),(23,3,4,4,4,3,3,4,4,4),(24,4,4,3,3,2,3,4,4,1),(25,5,5,5,4,1,3,3,5,5),(26,3,3,3,4,4,4,4,2,2),(27,3,3,4,2,3,3,4,3,4),(28,4,4,4,4,4,4,4,4,5),(29,4,5,4,4,3,2,4,4,1),(30,5,5,4,4,4,3,5,4,1),(31,3,5,4,5,2,3,5,4,3),(32,3,3,2,2,2,2,3,4,2),(33,3,3,4,2,3,3,2,3,3),(34,3,4,3,3,2,4,3,3,2),(35,5,5,5,2,3,1,5,4,4),(36,4,4,5,1,3,1,4,2,1),(37,3,2,3,5,3,4,3,3,1),(38,1,1,3,1,3,1,5,4,5),(39,4,4,4,2,3,3,2,2,5),(40,4,3,5,1,3,1,1,3,4),(41,1,1,1,2,1,2,3,3,1),(42,3,3,3,3,4,2,4,2,2),(43,1,3,1,1,3,1,2,3,1),(44,4,5,4,5,2,1,5,4,2),(45,3,3,3,1,3,3,3,3,3),(46,4,5,2,3,3,3,3,2,3),(47,2,2,1,3,4,3,1,3,2),(48,3,5,3,4,2,1,3,5,1),(49,3,2,3,2,3,1,2,2,1),(50,3,2,1,2,2,1,1,1,1),(51,4,3,2,1,3,3,3,4,4),(52,5,4,5,2,2,1,3,5,1),(53,5,5,5,5,5,5,5,5,5),(54,3,2,1,1,3,1,1,2,1),(55,2,2,1,1,3,1,1,3,2),(56,4,4,5,3,3,4,5,2,3),(57,2,4,2,1,3,1,3,4,2),(58,2,4,3,3,3,2,4,4,5),(59,4,4,4,3,3,4,5,4,2),(60,2,2,2,1,3,1,1,3,5),(61,4,4,4,2,2,2,4,3,4),(62,3,5,4,5,2,4,4,5,4),(63,5,4,3,1,3,1,5,4,5),(64,3,2,4,1,3,1,5,1,5),(65,5,3,5,1,3,1,1,5,4),(66,3,2,2,1,3,2,2,4,4),(67,5,5,5,5,2,4,4,4,1),(68,3,5,3,2,3,2,4,2,4),(69,3,5,3,3,4,2,4,4,4),(70,3,3,2,3,2,2,3,4,4),(71,2,2,2,1,1,1,1,2,2),(72,5,5,5,5,5,5,5,5,5),(73,2,4,2,4,2,4,4,4,5),(74,3,2,1,1,3,1,2,1,2),(75,3,4,5,3,2,4,5,5,4),(76,3,2,1,1,1,1,2,3,4),(77,4,3,2,2,3,4,5,4,2),(78,4,5,4,5,1,2,4,4,2),(79,3,5,5,4,3,1,5,5,5),(80,3,5,5,5,2,1,5,3,5),(81,5,5,5,3,3,1,4,4,5),(82,5,4,4,3,3,2,1,5,4),(83,5,4,5,2,3,2,4,5,2),(84,5,3,5,4,4,3,4,5,5),(85,4,5,4,3,2,4,2,4,2),(86,3,5,2,3,2,2,4,3,1),(87,4,1,3,1,2,2,2,4,4),(88,5,2,5,2,4,1,1,2,1),(89,2,1,3,1,3,5,3,2,2),(90,5,5,5,4,2,4,5,5,4),(91,4,4,4,2,3,2,4,4,3),(92,5,5,5,2,3,2,4,5,2),(93,4,5,4,1,3,2,4,2,1),(94,4,2,4,3,2,2,3,3,5),(95,2,4,4,3,3,3,4,4,4),(96,3,2,5,2,1,1,3,1,5),(97,4,2,3,1,3,1,1,3,5),(98,2,1,1,2,2,1,4,3,2),(99,4,4,5,5,3,4,5,5,3),(100,5,3,4,3,1,4,2,1,3),(101,4,4,3,2,2,3,3,2,3),(102,4,4,2,1,1,1,5,3,5),(103,3,4,3,2,3,3,4,3,3),(104,3,5,5,3,3,4,3,5,5),(105,3,3,3,3,4,4,1,3,3),(106,3,3,3,3,4,3,2,4,5),(107,4,2,2,1,3,3,3,4,5),(108,1,3,2,1,3,2,1,1,1),(109,3,2,3,2,1,3,2,2,5),(110,3,2,2,2,3,3,3,3,3),(111,4,4,4,4,3,3,2,3,3),(112,4,5,3,5,4,3,4,2,3),(113,4,3,3,2,3,1,2,2,4),(114,3,3,3,3,3,2,2,3,4),(115,4,3,2,5,1,4,4,4,1),(116,5,3,1,3,3,3,2,5,4),(117,5,5,5,3,1,1,3,3,5),(118,4,5,4,3,3,4,3,3,4),(119,5,5,4,5,5,4,5,4,5),(120,4,3,5,2,3,3,4,4,5),(121,3,2,1,1,3,2,1,1,1),(122,2,4,2,4,2,1,3,3,3),(123,5,2,5,2,3,1,5,4,3),(124,5,5,5,3,1,1,4,2,2),(125,3,2,3,4,5,4,1,4,1),(126,5,4,3,2,2,2,4,5,3),(127,3,4,4,3,3,2,4,4,4),(128,3,5,3,5,1,4,4,2,5),(129,2,1,1,5,1,1,4,5,3),(130,3,3,2,2,4,1,3,3,2),(131,3,3,2,1,4,3,1,1,4),(132,3,2,1,4,2,3,3,2,2),(133,3,4,3,2,4,2,3,1,4),(134,2,2,1,3,1,1,2,1,1),(135,2,2,2,1,4,1,2,2,1),(136,3,4,3,3,3,3,4,4,5),(137,3,3,2,1,3,1,1,1,4),(138,3,1,1,1,1,1,1,1,1),(139,3,3,4,3,3,3,3,3,3),(140,5,5,4,3,4,3,4,4,2),(141,2,2,2,3,4,1,1,2,1),(142,5,5,5,5,2,3,3,5,4),(143,2,4,3,3,3,3,4,3,1),(144,1,2,1,1,3,5,2,2,2),(145,3,3,2,5,2,3,5,5,5),(146,3,2,2,4,2,3,3,3,3),(147,4,4,4,5,1,4,4,3,4),(148,4,5,4,2,2,1,2,3,2),(149,3,2,2,3,3,3,2,3,2),(150,2,2,2,2,4,2,2,2,4),(151,1,2,2,2,4,3,2,2,2),(152,3,2,1,1,5,1,1,2,5),(153,3,2,2,3,3,2,2,2,3),(154,3,2,2,1,1,3,3,2,2),(155,2,4,2,1,3,3,4,2,5),(156,5,4,5,3,3,2,3,5,4),(157,5,3,4,2,3,1,2,4,4),(158,2,4,4,1,1,1,1,1,4),(159,2,1,3,1,2,2,4,2,4),(160,3,5,4,2,5,4,4,5,5),(161,2,2,1,4,2,2,2,2,5),(162,1,1,1,5,3,2,1,5,2),(163,5,4,5,3,3,2,3,5,4),(164,3,4,3,2,3,2,3,3,4),(165,5,5,5,2,5,2,3,2,4),(166,3,2,2,4,3,2,2,2,2),(167,2,2,1,1,1,1,2,1,4),(168,3,2,1,3,5,3,2,1,4),(169,2,1,1,2,3,1,1,2,2),(170,4,3,3,2,3,1,2,2,1),(171,4,2,4,3,3,1,3,3,4),(172,4,5,5,5,2,2,3,4,4),(173,3,4,5,3,2,4,5,5,5),(174,4,4,2,4,3,4,3,3,1),(175,5,4,4,5,4,3,4,4,5),(176,2,4,3,1,2,1,1,2,1),(177,1,1,1,1,3,4,1,1,1),(178,4,3,5,1,3,3,4,3,5),(179,5,5,4,3,2,1,3,5,5),(180,2,4,1,3,2,4,4,2,1),(181,3,5,2,5,2,2,4,4,5),(182,3,2,2,2,3,3,3,3,4),(183,2,4,2,3,3,2,1,2,3),(184,4,5,4,2,4,4,5,3,2),(185,5,4,3,2,3,3,3,4,4),(186,3,3,3,3,2,2,2,2,2),(187,4,3,2,2,3,3,3,2,1),(188,3,3,1,3,3,1,3,3,1),(189,3,4,5,3,3,3,4,3,4),(190,5,1,5,2,5,5,2,5,5),(191,2,2,2,1,3,3,4,2,1),(192,3,3,3,3,5,3,4,3,1),(193,4,2,4,3,2,1,4,4,4),(194,3,5,3,2,3,4,5,3,4),(195,4,5,4,1,3,4,4,5,5),(196,1,1,1,1,3,1,1,3,1),(197,2,1,3,2,4,1,3,2,2),(198,2,3,2,3,4,3,2,2,2),(199,2,2,1,1,2,1,1,1,2),(200,2,2,1,1,3,1,1,2,1),(201,5,4,5,4,2,2,2,3,2),(202,2,4,3,2,4,2,3,2,5),(203,3,3,3,1,3,1,3,3,4),(204,5,5,5,5,2,4,3,5,3),(205,5,5,5,1,3,1,5,5,5),(206,2,3,2,3,2,3,2,1,4),(207,5,4,3,2,2,1,1,3,2),(208,5,1,5,5,4,1,5,5,4),(209,1,1,1,1,1,1,1,1,1),(210,2,5,3,5,4,3,4,3,4),(211,3,4,3,4,4,4,3,3,2),(212,1,1,1,1,3,1,1,1,1),(213,3,3,4,4,4,5,5,5,5),(214,1,1,1,1,1,1,1,1,1),(215,3,5,3,2,3,5,4,5,1),(216,1,3,1,1,3,1,3,2,1),(217,1,1,1,5,5,3,1,1,1),(218,3,4,4,4,4,3,2,3,2),(219,3,4,4,4,4,3,5,4,4),(220,3,3,5,4,5,5,2,4,3),(221,5,5,5,4,2,3,3,4,4),(222,3,2,2,1,2,1,2,4,1),(223,3,4,3,5,2,3,3,4,3),(224,3,3,2,2,3,3,3,3,3),(225,4,3,4,3,4,3,4,4,3),(226,3,3,4,5,3,3,2,4,3),(227,3,5,4,5,1,5,4,4,3),(228,5,3,5,1,3,2,2,2,5),(229,1,1,1,1,2,1,1,3,4),(230,4,4,4,3,3,4,4,4,5),(231,2,4,3,4,4,3,4,1,1),(232,1,2,2,5,1,2,1,3,1),(233,1,2,3,4,5,3,5,2,5),(234,2,2,1,1,1,1,1,1,1),(235,5,4,4,4,2,1,4,4,3),(236,4,4,3,4,4,4,4,5,1),(237,2,3,1,3,3,1,2,1,1),(238,5,5,2,3,1,2,5,3,5),(239,5,5,5,5,5,5,5,5,5),(240,5,5,1,5,1,5,4,5,5),(241,5,4,3,5,1,4,4,4,2),(242,5,5,5,5,4,4,2,3,4),(243,3,4,3,3,3,2,3,2,5),(244,3,5,5,2,3,3,3,5,5),(245,4,2,2,1,4,2,3,2,3),(246,4,4,4,4,2,3,4,4,2),(247,2,4,3,4,2,2,4,2,1),(248,3,4,1,1,5,1,2,2,3),(249,1,1,5,2,3,5,1,2,1),(250,3,5,3,3,4,3,4,5,4),(251,1,1,1,2,1,1,1,1,1),(252,5,5,5,3,3,3,5,4,4),(253,5,1,5,2,3,4,5,1,5),(254,3,3,2,1,3,2,2,3,3),(255,3,5,2,1,4,2,2,4,2),(256,4,5,5,5,1,3,3,4,5),(257,4,5,5,5,1,5,5,5,5),(258,1,1,1,1,2,1,1,2,3),(259,3,3,4,3,3,4,4,3,2),(260,2,3,4,2,4,2,3,1,4),(261,2,2,1,1,3,2,2,3,3),(262,3,5,4,3,3,3,5,5,4),(263,2,2,3,4,3,3,3,2,2),(264,4,2,4,4,3,4,3,4,3),(265,4,4,4,4,3,2,2,3,2),(266,3,4,3,4,3,3,3,3,2),(267,3,3,2,2,4,1,2,2,4),(268,5,5,4,2,3,2,4,2,4),(269,5,5,5,2,3,1,3,4,5),(270,2,3,1,1,3,1,3,3,2),(271,5,2,3,1,3,1,2,1,5),(272,5,5,5,5,1,4,5,5,5),(273,4,4,3,2,3,4,3,3,4),(274,5,5,5,1,3,1,5,1,5),(275,5,5,4,4,2,3,3,4,3),(276,5,5,4,4,3,3,5,5,5),(277,5,5,5,5,5,5,5,5,5),(278,5,5,5,5,5,1,5,5,5),(279,3,5,3,1,3,4,5,2,2),(280,3,3,3,5,3,4,5,3,4),(281,4,5,4,5,4,4,3,4,5),(282,4,5,4,5,4,4,4,3,3),(283,1,1,1,2,2,1,2,1,2),(284,2,5,3,4,2,1,5,4,5),(285,4,4,4,3,3,3,4,4,4),(286,5,4,5,3,2,2,3,4,4),(287,3,2,3,2,1,3,2,3,2),(288,5,5,4,5,2,4,5,4,4),(289,2,4,2,2,3,4,4,2,2),(290,2,4,2,1,1,3,3,2,4),(291,2,2,3,3,3,3,3,4,4),(292,2,4,3,3,3,2,4,2,3),(293,4,4,5,2,3,3,4,5,4),(294,4,4,4,5,5,4,5,5,5),(295,3,1,1,1,3,5,1,1,1),(296,2,4,4,3,3,1,2,1,1),(297,2,5,2,4,3,1,4,2,2),(298,3,5,4,4,3,3,4,3,5),(299,4,4,4,2,2,1,3,3,2),(300,3,3,3,4,3,3,5,3,3),(301,3,5,3,3,3,3,5,1,4),(302,3,5,4,1,1,2,5,5,5),(303,5,2,5,2,3,4,4,5,2),(304,3,3,5,4,3,1,4,4,5),(305,3,4,3,4,2,2,3,3,2),(306,5,5,4,3,3,3,3,4,2),(307,4,4,3,5,2,2,5,4,3),(308,4,2,2,1,3,5,1,4,1),(309,2,4,2,1,3,3,2,3,4),(310,2,4,2,2,3,2,2,3,1),(311,3,5,3,3,3,1,5,4,5),(312,3,5,5,1,3,1,3,4,5),(313,5,3,5,2,2,3,2,4,2),(314,4,5,4,3,3,1,5,5,5),(315,1,4,4,3,4,2,4,5,4),(316,4,4,5,4,4,3,3,3,4),(317,1,4,1,1,3,1,3,1,3),(318,5,3,5,3,3,2,5,5,4),(319,5,5,5,5,1,4,5,5,5),(320,5,5,5,5,5,5,5,5,5),(321,4,5,4,5,5,3,5,4,5),(322,2,4,4,4,3,3,4,2,4),(323,2,4,3,1,3,3,3,3,5),(324,2,4,2,2,3,4,2,2,5),(325,4,5,5,1,1,1,5,1,5),(326,5,5,4,4,3,5,5,5,1),(327,5,5,4,5,5,3,5,3,5),(328,4,5,5,2,2,5,5,5,4),(329,3,2,2,2,2,2,4,3,2),(330,5,4,5,3,2,2,4,4,4),(331,2,3,1,2,5,1,1,3,4),(332,4,3,3,4,3,1,4,2,2),(333,2,1,1,2,4,1,3,2,3),(334,4,5,1,2,2,3,5,2,4),(335,3,3,3,3,3,3,3,3,3),(336,3,5,4,1,3,2,4,4,2),(337,3,3,1,1,1,1,1,2,2),(338,5,4,5,5,2,4,4,5,5),(339,3,4,3,2,4,1,3,1,3),(340,3,5,3,1,3,4,5,3,2),(341,5,4,5,1,3,1,3,5,1),(342,3,5,5,4,4,4,3,4,3),(343,3,5,3,2,2,1,5,5,5),(344,3,5,2,4,2,2,2,4,5),(345,3,5,4,1,5,1,5,5,5),(346,4,4,4,2,3,1,5,4,2),(347,1,1,1,1,3,3,1,1,1),(348,4,4,4,4,1,1,4,2,1),(349,5,5,5,1,3,1,3,2,1),(350,3,5,4,1,3,1,5,4,4),(351,3,4,4,2,3,1,4,3,5),(352,3,3,2,2,3,1,3,3,4),(353,4,4,5,4,2,3,3,4,5),(354,4,5,4,4,2,1,5,2,4),(355,2,3,2,2,1,3,2,2,2),(356,2,4,4,2,2,4,3,2,5),(357,5,5,4,3,3,1,4,4,2),(358,3,2,2,2,4,2,3,2,3),(359,4,4,4,2,3,2,3,4,1),(360,5,5,3,5,2,2,4,3,5),(361,3,3,3,4,3,3,3,3,2),(362,3,3,3,2,3,1,2,2,4),(363,3,3,3,5,1,4,4,3,5),(364,2,1,1,1,3,1,2,2,2),(365,1,1,3,1,1,2,1,2,2),(366,4,5,5,5,1,4,5,2,5),(367,5,3,5,4,3,2,4,4,4),(368,5,5,5,5,5,5,5,5,5),(369,5,1,3,3,4,2,1,2,1),(370,3,4,4,4,4,3,5,3,4),(371,2,4,2,2,3,3,2,1,5),(372,4,5,5,5,1,5,4,5,5),(373,1,2,1,1,2,2,3,4,3),(374,5,4,4,2,3,2,3,3,5),(375,3,4,2,4,2,3,2,2,1),(376,3,5,3,5,2,3,5,5,4),(377,3,4,3,1,3,2,5,2,4),(378,5,5,5,4,2,5,4,5,4),(379,2,5,4,5,5,5,5,2,2),(380,3,2,2,3,3,1,1,3,2),(381,5,4,5,5,3,3,5,5,5),(382,3,5,5,5,5,5,5,5,1),(383,3,5,3,5,2,3,4,5,5),(384,3,3,2,3,3,4,5,3,3),(385,4,4,4,5,1,2,3,4,3),(386,3,3,4,3,4,1,2,2,4),(387,4,5,3,5,3,2,3,3,4),(388,4,4,4,5,2,4,2,4,4),(389,4,4,4,5,1,2,4,4,2),(390,5,5,5,2,3,2,4,4,5),(391,4,2,3,2,3,4,3,3,4),(392,4,5,5,4,3,1,5,3,3),(393,5,5,5,2,3,1,5,5,5),(394,5,5,5,5,2,4,5,4,1),(395,3,3,2,1,3,3,2,2,2),(396,2,3,1,2,3,4,2,2,1),(397,4,4,4,2,4,3,5,4,3),(398,5,4,5,4,3,4,5,5,5),(399,2,2,2,3,3,2,1,4,4),(400,5,4,5,3,3,4,5,5,5),(401,3,4,3,2,2,2,4,4,3),(402,3,3,2,3,2,2,3,2,4),(403,4,4,4,3,3,2,3,4,5),(404,2,1,1,1,1,1,1,1,1),(405,1,1,1,1,1,1,1,1,1),(406,4,5,3,5,5,1,5,4,5),(407,5,5,5,5,1,1,5,5,5),(408,5,3,5,4,2,4,4,3,3),(409,5,5,5,2,2,1,4,5,1),(410,2,5,1,3,2,4,4,2,5),(411,5,5,5,5,1,1,3,3,1),(412,4,3,3,2,3,1,3,3,3),(413,5,5,5,5,3,1,5,4,5),(414,5,5,5,3,2,1,5,4,5),(415,4,3,4,3,3,2,4,3,4),(416,5,5,4,4,3,3,5,3,5),(417,3,3,2,1,3,1,2,2,2),(418,3,4,4,1,3,1,3,5,5),(419,4,5,4,2,3,2,4,3,3),(420,5,2,5,1,2,3,3,2,1),(421,4,5,4,4,3,2,3,3,5),(422,2,3,3,3,4,3,2,2,4),(423,3,5,4,4,1,4,5,5,4),(424,4,5,4,5,2,4,4,4,5),(425,3,4,2,2,3,3,1,4,3),(426,2,5,4,5,5,1,4,4,1),(427,3,3,5,4,2,3,3,3,3),(428,4,5,4,3,3,4,4,4,3),(429,2,3,3,2,4,3,3,3,2),(430,4,5,5,5,1,3,5,4,4),(431,4,4,4,3,3,3,5,5,5),(432,3,4,3,4,4,4,5,3,5),(433,5,5,5,5,5,5,5,5,5),(434,5,5,4,5,1,3,5,5,5),(435,3,4,2,2,1,1,4,3,5),(436,2,5,3,5,2,5,3,3,5),(437,3,5,2,1,2,2,3,3,4),(438,4,3,3,4,2,4,2,1,2),(439,2,2,3,2,3,1,2,2,5),(440,4,4,3,4,4,4,4,3,4),(441,4,2,4,3,3,4,2,3,4),(442,3,3,3,2,5,3,1,3,2),(443,2,3,2,3,3,1,3,2,2),(444,4,4,4,3,3,4,4,4,3),(445,3,4,2,2,4,3,3,4,3),(446,2,5,3,3,4,1,3,2,4),(447,5,5,5,5,3,3,5,4,5),(448,3,5,5,5,1,4,5,5,3),(449,4,4,5,4,1,4,4,4,5),(450,2,3,3,1,3,1,2,4,5),(451,4,4,4,2,1,1,2,2,2),(452,4,5,4,1,3,1,4,1,5),(453,5,3,5,1,1,1,3,4,3),(454,1,1,1,3,3,3,1,1,1),(455,3,4,3,3,3,3,3,2,2),(456,1,1,1,3,4,1,1,2,1),(457,1,1,1,1,1,1,1,1,2),(458,4,2,3,4,3,3,2,2,4),(459,3,3,2,2,3,3,4,2,2),(460,3,3,2,3,3,1,2,2,3),(461,1,1,1,1,1,1,1,1,1),(462,4,5,5,1,4,1,3,5,2),(463,5,4,5,2,2,2,5,5,2),(464,3,3,1,1,3,1,3,3,4),(465,4,3,2,1,3,1,2,3,1),(466,4,2,4,2,3,2,2,3,2),(467,3,4,4,1,3,1,3,2,3),(468,3,2,1,1,2,1,1,2,4),(469,3,5,3,5,1,2,5,2,1),(470,3,3,3,3,3,3,1,1,1),(471,3,5,3,5,1,2,5,4,5),(472,4,5,3,1,3,2,4,3,4),(473,3,3,2,1,2,2,2,4,4),(474,3,4,4,4,5,3,4,3,4),(475,3,4,5,4,2,2,4,2,1),(476,5,5,5,5,1,4,5,5,4),(477,4,3,4,4,2,4,3,4,4),(478,3,4,4,4,2,4,4,4,1),(479,3,2,3,3,3,4,2,2,2),(480,3,3,2,2,3,4,4,5,4),(481,3,1,1,3,3,2,2,2,3),(487,1,1,1,1,1,1,1,1,1),(492,1,1,1,1,1,1,1,1,1),(493,1,1,1,1,1,1,1,1,1),(495,1,1,1,1,1,1,1,1,1),(496,1,1,1,1,1,1,1,1,1),(497,1,1,1,1,1,1,1,1,1),(498,1,1,1,1,1,1,1,1,1),(499,1,1,1,1,1,1,1,1,1);
/*!40000 ALTER TABLE `mental_health_metrics` ENABLE KEYS */;
UNLOCK TABLES;

--
-- Table structure for table `organization`
--

DROP TABLE IF EXISTS `organization`;
/*!40101 SET @saved_cs_client     = @@character_set_client */;
/*!50503 SET character_set_client = utf8mb4 */;
CREATE TABLE `organization` (
  `organization_id` int NOT NULL AUTO_INCREMENT,
  `organization_name` varchar(100) COLLATE utf8mb4_unicode_ci DEFAULT NULL,
  PRIMARY KEY (`organization_id`),
  UNIQUE KEY `organization_name` (`organization_name`)
) ENGINE=InnoDB AUTO_INCREMENT=24 DEFAULT CHARSET=utf8mb4 COLLATE=utf8mb4_unicode_ci;
/*!40101 SET character_set_client = @saved_cs_client */;

--
-- Dumping data for table `organization`
--

LOCK TABLES `organization` WRITE;
/*!40000 ALTER TABLE `organization` DISABLE KEYS */;
INSERT INTO `organization` VALUES (22,'Colegio'),(5,'Company'),(9,'Company, Private'),(20,'Empresa'),(21,'Gobierno'),(8,'Goverment'),(3,'N/A'),(2,'Private'),(10,'School'),(18,'School, Company'),(19,'School, N/A'),(6,'School, Private'),(4,'School, University'),(15,'School, University, Private'),(23,'string'),(1,'University'),(7,'University, Company'),(17,'University, Company, Goverment'),(12,'University, Company, Private'),(16,'University, Goverment'),(11,'University, Goverment, Private'),(14,'University, N/A'),(13,'University, Private');
/*!40000 ALTER TABLE `organization` ENABLE KEYS */;
UNLOCK TABLES;

--
-- Table structure for table `platform`
--

DROP TABLE IF EXISTS `platform`;
/*!40101 SET @saved_cs_client     = @@character_set_client */;
/*!50503 SET character_set_client = utf8mb4 */;
CREATE TABLE `platform` (
  `platform_id` int NOT NULL AUTO_INCREMENT,
  `platform_name` varchar(100) COLLATE utf8mb4_unicode_ci DEFAULT NULL,
  PRIMARY KEY (`platform_id`),
  UNIQUE KEY `platform_name` (`platform_name`)
) ENGINE=InnoDB AUTO_INCREMENT=11 DEFAULT CHARSET=utf8mb4 COLLATE=utf8mb4_unicode_ci;
/*!40101 SET character_set_client = @saved_cs_client */;

--
-- Dumping data for table `platform`
--

LOCK TABLES `platform` WRITE;
/*!40000 ALTER TABLE `platform` DISABLE KEYS */;
INSERT INTO `platform` VALUES (5,'Discord'),(1,'Facebook'),(3,'Instagram'),(7,'Pinterest'),(6,'Reddit'),(9,'Snapchat'),(10,'string'),(8,'TikTok'),(2,'Twitter'),(4,'YouTube');
/*!40000 ALTER TABLE `platform` ENABLE KEYS */;
UNLOCK TABLES;

--
-- Table structure for table `respondent`
--

DROP TABLE IF EXISTS `respondent`;
/*!40101 SET @saved_cs_client     = @@character_set_client */;
/*!50503 SET character_set_client = utf8mb4 */;
CREATE TABLE `respondent` (
  `respondent_id` int NOT NULL AUTO_INCREMENT,
  `ts` datetime NOT NULL,
  `age` tinyint unsigned DEFAULT NULL,
  `gender` varchar(30) COLLATE utf8mb4_unicode_ci DEFAULT NULL,
  `user_id` int DEFAULT NULL,
  PRIMARY KEY (`respondent_id`),
  KEY `fk_respondent_user` (`user_id`),
  CONSTRAINT `fk_respondent_user` FOREIGN KEY (`user_id`) REFERENCES `users` (`user_id`) ON DELETE CASCADE
) ENGINE=InnoDB AUTO_INCREMENT=500 DEFAULT CHARSET=utf8mb4 COLLATE=utf8mb4_unicode_ci;
/*!40101 SET character_set_client = @saved_cs_client */;

--
-- Dumping data for table `respondent`
--

LOCK TABLES `respondent` WRITE;
/*!40000 ALTER TABLE `respondent` DISABLE KEYS */;
INSERT INTO `respondent` VALUES (1,'2022-04-18 19:18:47',21,'Male',NULL),(2,'2025-06-09 17:06:21',0,'string',NULL),(3,'2022-04-18 19:25:59',21,'Female',NULL),(4,'2022-04-18 19:29:43',21,'Female',NULL),(5,'2022-04-18 19:33:31',21,'Female',NULL),(6,'2022-04-18 19:33:48',22,'Female',NULL),(7,'2022-04-18 19:36:12',21,'Female',NULL),(8,'2022-04-18 19:36:17',21,'Female',NULL),(9,'2022-04-18 19:39:36',21,'Female',NULL),(10,'2022-04-18 19:41:34',20,'Male',NULL),(11,'2022-04-18 19:44:06',24,'Male',NULL),(12,'2022-04-18 19:44:10',21,'Female',NULL),(13,'2022-04-18 19:56:24',22,'Female',NULL),(14,'2022-04-18 19:57:04',21,'Female',NULL),(15,'2022-04-18 19:59:08',22,'Male',NULL),(16,'2022-04-18 20:15:31',23,'Male',NULL),(17,'2022-04-18 20:15:38',21,'Male',NULL),(18,'2022-04-18 20:21:09',25,'Male',NULL),(19,'2022-04-18 20:22:02',28,'Male',NULL),(20,'2022-04-18 20:28:03',34,'Male',NULL),(21,'2022-04-18 20:31:53',22,'Male',NULL),(22,'2022-04-18 20:32:59',23,'Male',NULL),(23,'2022-04-18 20:33:36',26,'Female',NULL),(24,'2022-04-18 20:35:50',23,'Female',NULL),(25,'2022-04-18 20:36:42',23,'Male',NULL),(26,'2022-04-18 20:38:00',35,'Female',NULL),(27,'2022-04-18 20:38:08',20,'Male',NULL),(28,'2022-04-18 20:40:47',35,'Male',NULL),(29,'2022-04-18 20:42:23',22,'Female',NULL),(30,'2022-04-18 20:45:33',21,'Female',NULL),(31,'2022-04-18 20:49:37',22,'Female',NULL),(32,'2022-04-18 20:50:39',35,'Male',NULL),(33,'2022-04-18 20:52:05',24,'Male',NULL),(34,'2022-04-18 20:53:37',18,'Female',NULL),(35,'2022-04-18 20:54:50',19,'Female',NULL),(36,'2022-04-18 20:55:44',21,'Nonbinary ',NULL),(37,'2022-04-18 20:55:48',21,'Male',NULL),(38,'2022-04-18 21:02:52',23,'Male',NULL),(39,'2022-04-18 21:22:13',22,'Female',NULL),(40,'2022-04-18 21:24:02',22,'Male',NULL),(41,'2022-04-18 21:32:37',21,'Female',NULL),(42,'2022-04-18 21:42:54',21,'Female',NULL),(43,'2022-04-18 21:48:07',56,'Female',NULL),(44,'2022-04-18 21:48:34',19,'Female',NULL),(45,'2022-04-18 21:49:19',24,'Male',NULL),(46,'2022-04-18 21:50:33',22,'Female',NULL),(47,'2022-04-18 21:55:35',65,'Male',NULL),(48,'2022-04-18 22:00:21',17,'Female',NULL),(49,'2022-04-18 22:04:59',40,'Male',NULL),(50,'2022-04-18 22:07:08',33,'Female',NULL),(51,'2022-04-18 22:11:57',22,'Female',NULL),(52,'2022-04-18 22:20:42',24,'Male',NULL),(53,'2022-04-18 22:23:35',26,'Male',NULL),(54,'2022-04-18 22:30:15',55,'Male',NULL),(55,'2022-04-18 22:35:53',26,'Male',NULL),(56,'2022-04-18 22:39:40',27,'Male',NULL),(57,'2022-04-18 22:42:46',22,'Male',NULL),(58,'2022-04-18 22:43:04',19,'Female',NULL),(59,'2022-04-18 22:51:44',22,'Female',NULL),(60,'2022-04-18 23:00:23',20,'Female',NULL),(61,'2022-04-18 23:05:21',25,'Female',NULL),(62,'2022-04-18 23:11:49',25,'Female',NULL),(63,'2022-04-18 23:12:03',18,'Female',NULL),(64,'2022-04-18 23:19:30',25,'Male',NULL),(65,'2022-04-18 23:23:52',19,'Female',NULL),(66,'2022-04-18 23:38:02',24,'Male',NULL),(67,'2022-04-18 23:45:43',21,'Male',NULL),(68,'2022-04-19 00:10:02',18,'Non-binary',NULL),(69,'2022-04-19 00:11:52',14,'Male',NULL),(70,'2022-04-19 00:15:22',25,'Male',NULL),(71,'2022-04-19 00:18:43',33,'Male',NULL),(72,'2022-04-19 00:24:52',23,'Male',NULL),(73,'2022-04-19 00:28:13',14,'Female',NULL),(74,'2022-04-19 00:32:37',38,'Male',NULL),(75,'2022-04-19 01:16:34',23,'Female',NULL),(76,'2022-04-19 01:41:19',26,'Male',NULL),(77,'2022-04-19 01:59:08',24,'Male',NULL),(78,'2022-04-19 02:06:40',21,'Female',NULL),(79,'2022-04-19 02:18:48',18,'Female',NULL),(80,'2022-04-19 02:27:30',28,'Male',NULL),(81,'2022-04-19 02:58:24',22,'Male',NULL),(82,'2022-04-19 03:40:47',21,'Male',NULL),(83,'2022-04-19 04:53:05',21,'Male',NULL),(84,'2022-04-19 05:20:55',21,'Female',NULL),(85,'2022-04-19 06:31:10',17,'Male',NULL),(86,'2022-04-19 07:10:09',24,'NB',NULL),(87,'2022-04-19 08:27:50',22,'Female',NULL),(88,'2022-04-19 08:36:53',32,'Female',NULL),(89,'2022-04-19 08:38:23',22,'Male',NULL),(90,'2022-04-19 09:17:32',20,'Female',NULL),(91,'2022-04-19 09:18:11',22,'Male',NULL),(92,'2022-04-19 09:53:04',28,'Female',NULL),(93,'2022-04-19 09:57:28',22,'Female',NULL),(94,'2022-04-19 10:24:04',17,'unsure ',NULL),(95,'2022-04-19 10:25:50',30,'Female',NULL),(96,'2022-04-19 10:59:42',22,'Male',NULL),(97,'2022-04-19 13:52:52',14,'Male',NULL),(98,'2022-04-19 14:08:55',20,'Male',NULL),(99,'2022-04-19 14:21:22',22,'Female',NULL),(100,'2022-04-19 14:45:58',16,'Male',NULL),(101,'2022-04-19 16:36:16',22,'Female',NULL),(102,'2022-04-19 19:13:19',22,'Male',NULL),(103,'2022-04-19 19:30:11',22,'Male',NULL),(104,'2022-04-19 19:31:05',22,'Male',NULL),(105,'2022-04-19 19:39:34',21,'Female',NULL),(106,'2022-04-19 19:40:58',23,'Female',NULL),(107,'2022-04-19 20:10:46',23,'Female',NULL),(108,'2022-04-19 20:13:21',48,'Female',NULL),(109,'2022-04-19 20:16:27',21,'Female',NULL),(110,'2022-04-19 20:20:18',47,'Female',NULL),(111,'2022-04-19 20:24:28',48,'Male',NULL),(112,'2022-04-19 20:31:06',26,'Female',NULL),(113,'2022-04-19 20:39:17',47,'Male',NULL),(114,'2022-04-19 20:42:18',47,'Male',NULL),(115,'2022-04-19 20:45:14',27,'Female',NULL),(116,'2022-04-19 20:52:58',34,'Female',NULL),(117,'2022-04-19 21:02:46',20,'Female',NULL),(118,'2022-04-19 21:07:16',22,'Female',NULL),(119,'2022-04-19 21:10:27',23,'Female',NULL),(120,'2022-04-19 21:10:51',20,'Male',NULL),(121,'2022-04-19 21:12:27',48,'Female',NULL),(122,'2022-04-19 21:12:34',20,'Female',NULL),(123,'2022-04-19 21:15:10',20,'Female',NULL),(124,'2022-04-19 21:15:51',22,'Female',NULL),(125,'2022-04-19 21:26:38',22,'Female',NULL),(126,'2022-04-19 21:27:41',20,'Female',NULL),(127,'2022-04-19 21:32:40',24,'Male',NULL),(128,'2022-04-19 21:38:30',23,'Female',NULL),(129,'2022-04-19 21:47:26',20,'Female',NULL),(130,'2022-04-19 21:48:13',16,'Male',NULL),(131,'2022-04-19 21:50:59',50,'Female',NULL),(132,'2022-04-19 21:51:39',47,'Male',NULL),(133,'2022-04-19 21:55:45',24,'Male',NULL),(134,'2022-04-19 21:57:38',38,'Female',NULL),(135,'2022-04-19 22:04:03',50,'Male',NULL),(136,'2022-04-19 22:09:58',49,'Male',NULL),(137,'2022-04-19 22:19:43',47,'Female',NULL),(138,'2022-04-19 22:22:21',48,'Female',NULL),(139,'2022-04-19 22:23:48',51,'Male',NULL),(140,'2022-04-19 22:31:52',50,'Male',NULL),(141,'2022-04-19 22:39:43',47,'Female',NULL),(142,'2022-04-19 22:42:36',27,'Female',NULL),(143,'2022-04-19 22:44:02',40,'Female',NULL),(144,'2022-04-19 22:45:25',46,'Male',NULL),(145,'2022-04-19 22:49:44',21,'Female',NULL),(146,'2022-04-19 22:50:36',47,'Female',NULL),(147,'2022-04-19 23:13:52',20,'Female',NULL),(148,'2022-04-19 23:23:50',47,'Female',NULL),(149,'2022-04-19 23:28:22',48,'Male',NULL),(150,'2022-04-19 23:28:51',49,'Male',NULL),(151,'2022-04-19 23:38:51',21,'Male',NULL),(152,'2022-04-19 23:43:46',32,'Female',NULL),(153,'2022-04-19 23:51:19',47,'Female',NULL),(154,'2022-04-19 23:53:34',50,'Male',NULL),(155,'2022-04-20 00:00:36',48,'Male',NULL),(156,'2022-04-20 00:07:24',21,'Female',NULL),(157,'2022-04-20 00:24:10',47,'Male',NULL),(158,'2022-04-20 00:25:32',36,'Female',NULL),(159,'2022-04-20 00:50:06',37,'Female',NULL),(160,'2022-04-20 01:10:35',19,'Female',NULL),(161,'2022-04-20 01:48:34',30,'Male',NULL),(162,'2022-04-20 02:03:04',48,'Male',NULL),(163,'2022-04-20 02:07:23',48,'Female',NULL),(164,'2022-04-20 03:54:33',48,'Male',NULL),(165,'2022-04-20 04:20:29',47,'Male',NULL),(166,'2022-04-20 04:42:46',47,'Female',NULL),(167,'2022-04-20 05:54:28',48,'Male',NULL),(168,'2022-04-20 06:15:52',21,'Male',NULL),(169,'2022-04-20 06:28:00',48,'Male',NULL),(170,'2022-04-20 07:20:45',21,'Male',NULL),(171,'2022-04-20 07:35:16',20,'Male',NULL),(172,'2022-04-20 08:37:47',20,'Female',NULL),(173,'2022-04-20 10:51:46',20,'Male',NULL),(174,'2022-04-20 11:25:38',21,'Female',NULL),(175,'2022-04-20 11:43:27',20,'Female',NULL),(176,'2022-04-20 12:16:04',47,'Male',NULL),(177,'2022-04-20 13:24:21',35,'Female',NULL),(178,'2022-04-20 13:24:25',23,'Female',NULL),(179,'2022-04-20 13:43:09',21,'Female',NULL),(180,'2022-04-20 14:41:02',21,'Female',NULL),(181,'2022-04-20 16:11:22',37,'Female',NULL),(182,'2022-04-20 16:37:53',48,'Male',NULL),(183,'2022-04-20 16:44:37',47,'Male',NULL),(184,'2022-04-20 17:44:50',25,'Female',NULL),(185,'2022-04-20 18:14:32',22,'Female',NULL),(186,'2022-04-20 19:24:38',45,'Male',NULL),(187,'2022-04-20 19:28:00',47,'Male',NULL),(188,'2022-04-20 21:11:51',47,'Female',NULL),(189,'2022-04-20 21:18:36',24,'Female',NULL),(190,'2022-04-20 22:01:52',21,'Female',NULL),(191,'2022-04-20 22:07:43',22,'Female',NULL),(192,'2022-04-20 22:17:29',19,'Female',NULL),(193,'2022-04-20 22:37:04',21,'Female',NULL),(194,'2022-04-20 22:50:55',22,'Female',NULL),(195,'2022-04-20 22:53:30',20,'Male',NULL),(196,'2022-04-20 23:07:20',42,'Female',NULL),(197,'2022-04-20 23:15:45',35,'Female',NULL),(198,'2022-04-20 23:32:12',38,'Male',NULL),(199,'2022-04-20 23:45:22',17,'Male',NULL),(200,'2022-04-20 23:51:18',32,'Male',NULL),(201,'2022-04-21 00:36:13',21,'Female',NULL),(202,'2022-04-21 00:49:07',22,'Male',NULL),(203,'2022-04-21 00:59:28',27,'Female',NULL),(204,'2022-04-21 01:33:04',21,'Male',NULL),(205,'2022-04-21 01:39:06',27,'Male',NULL),(206,'2022-04-21 01:44:22',20,'Male',NULL),(207,'2022-04-21 02:29:40',27,'Female',NULL),(208,'2022-04-21 03:27:50',24,'Male',NULL),(209,'2022-04-21 04:54:21',26,'Female',NULL),(210,'2022-04-21 07:09:09',20,'Female',NULL),(211,'2022-04-21 10:12:51',31,'Male',NULL),(212,'2022-04-21 10:40:52',21,'Male',NULL),(213,'2022-04-21 13:23:38',34,'Male',NULL),(214,'2022-04-21 13:36:29',22,'Male',NULL),(215,'2022-04-21 13:44:53',20,'Female',NULL),(216,'2022-04-21 15:26:24',23,'Male',NULL),(217,'2022-04-21 15:57:19',48,'Male',NULL),(218,'2022-04-21 17:47:15',37,'Male',NULL),(219,'2022-04-21 19:19:40',22,'Male',NULL),(220,'2022-04-21 19:35:44',50,'Male',NULL),(221,'2022-04-21 20:26:35',21,'Female',NULL),(222,'2022-04-21 20:31:47',23,'Female',NULL),(223,'2022-04-21 20:47:50',21,'Female',NULL),(224,'2022-04-21 22:29:45',22,'Female',NULL),(225,'2022-04-21 23:02:13',22,'Female',NULL),(226,'2022-04-21 23:02:18',22,'Female',NULL),(227,'2022-04-21 23:11:32',19,'Female',NULL),(228,'2022-04-22 00:24:31',23,'Female',NULL),(229,'2022-04-22 02:35:48',46,'Male',NULL),(230,'2022-04-22 08:35:39',21,'Male',NULL),(231,'2022-04-22 11:56:05',24,'Female',NULL),(232,'2022-04-22 13:31:47',20,'Female',NULL),(233,'2022-04-22 22:00:05',25,'Male',NULL),(234,'2022-04-22 22:26:55',21,'Female',NULL),(235,'2022-04-24 05:23:27',23,'Male',NULL),(236,'2022-04-26 03:01:10',22,'Female',NULL),(237,'2022-04-26 21:59:19',36,'Male',NULL),(238,'2022-04-26 22:13:41',22,'Female',NULL),(239,'2022-04-26 23:02:27',69,'Trans',NULL),(240,'2022-04-26 23:15:02',25,'Female',NULL),(241,'2022-04-26 23:32:48',22,'Female',NULL),(242,'2022-04-26 23:56:35',23,'Male',NULL),(243,'2022-04-27 02:12:12',23,'Male',NULL),(244,'2022-05-11 19:06:27',19,'Female',NULL),(245,'2022-05-11 19:07:15',21,'Female',NULL),(246,'2022-05-11 19:09:46',27,'Female',NULL),(247,'2022-05-11 19:16:34',25,'Female',NULL),(248,'2022-05-11 19:19:39',20,'Female',NULL),(249,'2022-05-11 19:27:46',34,'Female',NULL),(250,'2022-05-11 19:30:14',23,'Female',NULL),(251,'2022-05-11 19:31:52',34,'Female',NULL),(252,'2022-05-11 19:35:33',26,'Female',NULL),(253,'2022-05-11 19:45:08',25,'Male',NULL),(254,'2022-05-11 19:47:05',22,'Female',NULL),(255,'2022-05-11 19:47:43',20,'Male',NULL),(256,'2022-05-11 19:47:44',23,'Female',NULL),(257,'2022-05-11 19:48:59',91,'Female',NULL),(258,'2022-05-11 19:51:18',22,'Female',NULL),(259,'2022-05-11 19:51:38',23,'Female',NULL),(260,'2022-05-11 19:58:36',21,'Female',NULL),(261,'2022-05-11 20:12:15',36,'Female',NULL),(262,'2022-05-11 20:13:54',21,'Female',NULL),(263,'2022-05-11 20:15:24',22,'Female',NULL),(264,'2022-05-11 20:15:30',22,'Male',NULL),(265,'2022-05-11 20:17:40',22,'Female',NULL),(266,'2022-05-11 20:18:08',20,'Female',NULL),(267,'2022-05-11 20:19:55',26,'Female',NULL),(268,'2022-05-11 20:34:00',21,'Male',NULL),(269,'2022-05-11 20:35:00',20,'Female',NULL),(270,'2022-05-11 20:36:35',21,'Female',NULL),(271,'2022-05-11 20:39:58',19,'Female',NULL),(272,'2022-05-11 20:41:44',20,'Female',NULL),(273,'2022-05-11 20:45:17',22,'Female',NULL),(274,'2022-05-11 20:50:59',23,'Male',NULL),(275,'2022-05-11 20:51:35',21,'Male',NULL),(276,'2022-05-11 20:57:23',21,'Female',NULL),(277,'2022-05-11 20:58:35',22,'Male',NULL),(278,'2022-05-11 21:02:15',26,'Male',NULL),(279,'2022-05-11 21:06:17',22,'Female',NULL),(280,'2022-05-11 21:08:41',17,'Male',NULL),(281,'2022-05-11 21:14:02',23,'Male',NULL),(282,'2022-05-11 21:14:26',21,'Male',NULL),(283,'2022-05-11 21:16:29',22,'Female',NULL),(284,'2022-05-11 21:19:18',20,'Male',NULL),(285,'2022-05-11 21:20:07',24,'Female',NULL),(286,'2022-05-11 21:20:30',22,'Female',NULL),(287,'2022-05-11 21:22:00',24,'Male',NULL),(288,'2022-05-11 21:22:44',22,'Female',NULL),(289,'2022-05-11 21:24:00',26,'Male',NULL),(290,'2022-05-11 21:25:06',24,'Female',NULL),(291,'2022-05-11 21:29:38',22,'Female',NULL),(292,'2022-05-11 21:30:18',25,'Female',NULL),(293,'2022-05-11 21:32:12',21,'Female',NULL),(294,'2022-05-11 21:34:26',20,'Female',NULL),(295,'2022-05-11 21:35:12',22,'Female',NULL),(296,'2022-05-11 21:35:32',25,'Female',NULL),(297,'2022-05-11 21:36:18',17,'Male',NULL),(298,'2022-05-11 21:38:40',22,'Female',NULL),(299,'2022-05-11 21:45:23',26,'Male',NULL),(300,'2022-05-11 21:46:22',22,'Female',NULL),(301,'2022-05-11 21:46:44',23,'Male',NULL),(302,'2022-05-11 21:47:23',25,'Male',NULL),(303,'2022-05-11 21:55:45',21,'Male',NULL),(304,'2022-05-11 21:56:01',30,'Female',NULL),(305,'2022-05-11 21:56:21',23,'Female',NULL),(306,'2022-05-11 21:56:34',22,'Male',NULL),(307,'2022-05-11 21:59:40',21,'Female',NULL),(308,'2022-05-11 22:01:43',20,'Female',NULL),(309,'2022-05-11 22:03:42',18,'Female',NULL),(310,'2022-05-11 22:05:17',20,'Female',NULL),(311,'2022-05-11 22:06:07',15,'Female',NULL),(312,'2022-05-11 22:07:03',22,'Male',NULL),(313,'2022-05-11 22:08:06',17,'Female',NULL),(314,'2022-05-11 22:10:28',21,'Male',NULL),(315,'2022-05-11 22:11:41',22,'Female',NULL),(316,'2022-05-11 22:11:39',23,'Female',NULL),(317,'2022-05-11 22:11:40',24,'Male',NULL),(318,'2022-05-11 22:14:03',21,'Female',NULL),(319,'2022-05-11 22:20:02',22,'Female',NULL),(320,'2022-05-11 22:21:41',22,'Female',NULL),(321,'2022-05-11 22:21:52',21,'Female',NULL),(322,'2022-05-11 22:21:54',21,'Female',NULL),(323,'2022-05-11 22:29:14',18,'Male',NULL),(324,'2022-05-11 22:30:25',19,'Male',NULL),(325,'2022-05-11 22:32:22',22,'Male',NULL),(326,'2022-05-11 22:33:14',21,'Non binary ',NULL),(327,'2022-05-11 22:33:56',21,'Female',NULL),(328,'2022-05-11 22:34:14',22,'Male',NULL),(329,'2022-05-11 22:36:59',21,'Female',NULL),(330,'2022-05-11 22:38:29',23,'Male',NULL),(331,'2022-05-11 22:38:52',19,'Male',NULL),(332,'2022-05-11 22:41:45',26,'Male',NULL),(333,'2022-05-11 22:44:23',27,'Male',NULL),(334,'2022-05-11 22:45:17',25,'Female',NULL),(335,'2022-05-11 22:46:45',20,'Female',NULL),(336,'2022-05-11 22:50:30',20,'Female',NULL),(337,'2022-05-11 22:52:56',22,'Male',NULL),(338,'2022-05-11 22:54:32',18,'Female',NULL),(339,'2022-05-11 22:54:32',22,'Male',NULL),(340,'2022-05-11 22:55:21',20,'Male',NULL),(341,'2022-05-11 22:57:00',24,'Male',NULL),(342,'2022-05-11 23:02:07',21,'Male',NULL),(343,'2022-05-11 23:11:25',29,'Female',NULL),(344,'2022-05-11 23:12:21',21,'Male',NULL),(345,'2022-05-11 23:16:01',19,'Female',NULL),(346,'2022-05-11 23:17:37',21,'Female',NULL),(347,'2022-05-11 23:22:48',43,'Male',NULL),(348,'2022-05-11 23:23:09',22,'Female',NULL),(349,'2022-05-11 23:27:00',24,'Male',NULL),(350,'2022-05-11 23:33:36',18,'Female',NULL),(351,'2022-05-11 23:34:52',19,'Female',NULL),(352,'2022-05-11 23:35:01',37,'Female',NULL),(353,'2022-05-11 23:37:28',24,'Male',NULL),(354,'2022-05-11 23:38:27',29,'Female',NULL),(355,'2022-05-11 23:40:03',19,'Male',NULL),(356,'2022-05-11 23:41:55',35,'Male',NULL),(357,'2022-05-11 23:43:43',22,'Female',NULL),(358,'2022-05-11 23:54:50',23,'Male',NULL),(359,'2022-05-11 23:59:06',22,'Female',NULL),(360,'2022-05-12 00:07:36',25,'Male',NULL),(361,'2022-05-12 00:16:23',19,'Male',NULL),(362,'2022-05-12 00:22:23',29,'Female',NULL),(363,'2022-05-12 00:22:34',21,'Female',NULL),(364,'2022-05-12 00:26:26',21,'Male',NULL),(365,'2022-05-12 00:29:35',22,'Female',NULL),(366,'2022-05-12 00:30:42',23,'Female',NULL),(367,'2022-05-12 00:32:26',22,'Female',NULL),(368,'2022-05-12 00:41:56',20,'Male',NULL),(369,'2022-05-12 00:49:37',22,'There are others???',NULL),(370,'2022-05-12 00:52:26',27,'Female',NULL),(371,'2022-05-12 00:54:52',24,'Male',NULL),(372,'2022-05-12 00:55:49',21,'Female',NULL),(373,'2022-05-12 01:12:04',23,'Female',NULL),(374,'2022-05-12 01:30:48',21,'Female',NULL),(375,'2022-05-12 01:36:02',23,'Female',NULL),(376,'2022-05-12 02:05:51',24,'Female',NULL),(377,'2022-05-12 02:06:39',21,'Male',NULL),(378,'2022-05-12 02:09:25',30,'Female',NULL),(379,'2022-05-12 02:10:08',23,'Male',NULL),(380,'2022-05-12 02:18:39',22,'Female',NULL),(381,'2022-05-12 02:30:23',29,'Female',NULL),(382,'2022-05-12 03:02:05',20,'Male',NULL),(383,'2022-05-12 03:24:01',27,'Female',NULL),(384,'2022-05-12 03:24:27',24,'Male',NULL),(385,'2022-05-12 03:26:43',26,'Male',NULL),(386,'2022-05-12 03:37:23',22,'Male',NULL),(387,'2022-05-12 03:47:42',23,'Male',NULL),(388,'2022-05-12 03:57:27',19,'Male',NULL),(389,'2022-05-12 04:35:58',21,'Female',NULL),(390,'2022-05-12 04:46:54',20,'Female',NULL),(391,'2022-05-12 05:24:57',22,'Male',NULL),(392,'2022-05-12 08:09:03',22,'Male',NULL),(393,'2022-05-12 08:41:58',23,'Male',NULL),(394,'2022-05-12 09:25:58',22,'Female',NULL),(395,'2022-05-12 10:10:34',20,'Female',NULL),(396,'2022-05-12 10:57:37',27,'Female',NULL),(397,'2022-05-12 11:06:19',22,'Female',NULL),(398,'2022-05-12 11:06:52',21,'Female',NULL),(399,'2022-05-12 13:15:49',21,'Female',NULL),(400,'2022-05-12 13:23:45',24,'Female',NULL),(401,'2022-05-12 17:12:26',19,'Male',NULL),(402,'2022-05-12 18:11:43',52,'Male',NULL),(403,'2022-05-12 18:16:16',26,'Male',NULL),(404,'2022-05-12 18:33:15',44,'Male',NULL),(405,'2022-05-12 18:36:06',44,'Male',NULL),(406,'2022-05-12 18:58:32',19,'Female',NULL),(407,'2022-05-12 19:12:34',35,'Male',NULL),(408,'2022-05-12 19:12:35',21,'Female',NULL),(409,'2022-05-12 19:12:44',20,'Female',NULL),(410,'2022-05-12 19:15:46',24,'Female',NULL),(411,'2022-05-12 19:23:39',21,'Female',NULL),(412,'2022-05-12 19:40:27',24,'Male',NULL),(413,'2022-05-12 19:41:28',21,'Female',NULL),(414,'2022-05-12 19:47:26',17,'Male',NULL),(415,'2022-05-12 19:51:21',26,'Female',NULL),(416,'2022-05-12 20:08:23',18,'Male',NULL),(417,'2022-05-12 20:13:27',18,'Female',NULL),(418,'2022-05-12 20:17:31',18,'Female',NULL),(419,'2022-05-12 21:00:17',23,'Male',NULL),(420,'2022-05-12 21:06:04',20,'Male',NULL),(421,'2022-05-12 21:10:04',23,'Male',NULL),(422,'2022-05-12 21:13:24',25,'Male',NULL),(423,'2022-05-12 21:25:54',26,'Male',NULL),(424,'2022-05-12 21:31:47',20,'Male',NULL),(425,'2022-05-12 21:33:52',19,'Male',NULL),(426,'2022-05-12 21:45:23',17,'Female',NULL),(427,'2022-05-12 21:53:40',24,'Female',NULL),(428,'2022-05-12 23:01:46',29,'Female',NULL),(429,'2022-05-12 23:13:03',30,'Female',NULL),(430,'2022-05-12 23:56:57',21,'Female',NULL),(431,'2022-05-13 00:15:32',23,'Male',NULL),(432,'2022-05-13 00:21:17',21,'Male',NULL),(433,'2022-05-13 00:27:42',20,'Female',NULL),(434,'2022-05-13 01:06:00',21,'Male',NULL),(435,'2022-05-13 01:16:02',22,'Female',NULL),(436,'2022-05-13 01:20:52',22,'Female',NULL),(437,'2022-05-13 01:25:09',22,'Female',NULL),(438,'2022-05-13 01:27:34',27,'Female',NULL),(439,'2022-05-13 01:30:50',21,'Male',NULL),(440,'2022-05-13 01:46:36',23,'Male',NULL),(441,'2022-05-13 01:50:36',22,'Male',NULL),(442,'2022-05-13 03:51:19',21,'Female',NULL),(443,'2022-05-13 04:00:54',23,'Male',NULL),(444,'2022-05-13 10:05:54',21,'Female',NULL),(445,'2022-05-13 11:00:38',20,'Male',NULL),(446,'2022-05-13 11:12:46',23,'Male',NULL),(447,'2022-05-13 13:43:00',22,'Female',NULL),(448,'2022-05-13 14:28:58',20,'Female',NULL),(449,'2022-05-13 16:26:54',21,'Male',NULL),(450,'2022-05-13 16:32:03',25,'Female',NULL),(451,'2022-05-13 17:13:06',21,'Female',NULL),(452,'2022-05-13 17:32:46',28,'Female',NULL),(453,'2022-05-13 19:02:51',22,'Female',NULL),(454,'2022-05-13 19:48:20',60,'Male',NULL),(455,'2022-05-13 20:50:29',49,'Male',NULL),(456,'2022-05-13 21:40:01',34,'Female',NULL),(457,'2022-05-13 22:43:21',56,'Male',NULL),(458,'2022-05-13 23:36:54',51,'Male',NULL),(459,'2022-05-14 00:01:42',23,'Female',NULL),(460,'2022-05-14 02:16:01',21,'Female',NULL),(461,'2022-05-14 07:11:35',50,'Male',NULL),(462,'2022-05-14 07:23:27',22,'Female',NULL),(463,'2022-05-14 11:26:56',28,'Female',NULL),(464,'2022-05-14 11:44:03',13,'Male',NULL),(465,'2022-05-14 11:46:09',14,'Male',NULL),(466,'2022-05-14 12:12:16',13,'Male',NULL),(467,'2022-05-14 13:40:14',23,'Male',NULL),(468,'2022-05-14 16:16:32',18,'Male',NULL),(469,'2022-05-14 17:33:37',18,'Male',NULL),(470,'2022-05-14 17:33:57',15,'Male',NULL),(471,'2022-05-15 02:48:02',20,'Female',NULL),(472,'2022-05-16 20:20:31',20,'Female',NULL),(473,'2022-05-17 17:12:19',35,'Female',NULL),(474,'2022-05-18 02:12:59',26,'Female',NULL),(475,'2022-05-21 22:19:10',30,'Female',NULL),(476,'2022-05-21 22:33:02',32,'Female',NULL),(477,'2022-05-21 23:38:28',24,'Male',NULL),(478,'2022-05-22 00:01:05',26,'Female',NULL),(479,'2022-05-22 10:29:21',29,'Female',NULL),(480,'2022-07-14 19:33:47',21,'Male',NULL),(481,'2022-11-12 13:16:50',53,'Male',NULL),(487,'2025-06-03 01:43:16',80,'Masculino',1),(492,'2025-06-01 02:54:48',20,'Masculino',1),(493,'2025-06-01 03:00:29',30,'Masculino',1),(495,'2025-06-01 03:01:52',40,'Masculino',1),(496,'2025-06-01 03:03:28',40,'Masculino',1),(497,'2025-06-03 01:40:32',40,'Masculino',1),(498,'2025-06-08 07:01:55',50,'Femenino',1),(499,'2025-06-01 16:23:01',25,'Masculino',1);
/*!40000 ALTER TABLE `respondent` ENABLE KEYS */;
UNLOCK TABLES;

--
-- Table structure for table `respondent_organization`
--

DROP TABLE IF EXISTS `respondent_organization`;
/*!40101 SET @saved_cs_client     = @@character_set_client */;
/*!50503 SET character_set_client = utf8mb4 */;
CREATE TABLE `respondent_organization` (
  `respondent_id` int NOT NULL,
  `organization_id` int NOT NULL,
  PRIMARY KEY (`respondent_id`,`organization_id`),
  KEY `organization_id` (`organization_id`),
  CONSTRAINT `respondent_organization_ibfk_1` FOREIGN KEY (`respondent_id`) REFERENCES `respondent` (`respondent_id`) ON DELETE CASCADE,
  CONSTRAINT `respondent_organization_ibfk_2` FOREIGN KEY (`organization_id`) REFERENCES `organization` (`organization_id`) ON DELETE CASCADE
) ENGINE=InnoDB DEFAULT CHARSET=utf8mb4 COLLATE=utf8mb4_unicode_ci;
/*!40101 SET character_set_client = @saved_cs_client */;

--
-- Dumping data for table `respondent_organization`
--

LOCK TABLES `respondent_organization` WRITE;
/*!40000 ALTER TABLE `respondent_organization` DISABLE KEYS */;
INSERT INTO `respondent_organization` VALUES (1,1),(3,1),(4,1),(5,1),(6,1),(7,1),(8,1),(9,1),(10,1),(11,1),(12,1),(13,1),(14,1),(15,1),(17,1),(19,1),(22,1),(23,1),(24,1),(27,1),(29,1),(30,1),(31,1),(35,1),(36,1),(37,1),(38,1),(39,1),(41,1),(42,1),(46,1),(51,1),(53,1),(56,1),(59,1),(60,1),(61,1),(62,1),(63,1),(66,1),(67,1),(70,1),(74,1),(77,1),(78,1),(80,1),(82,1),(83,1),(87,1),(89,1),(90,1),(91,1),(92,1),(93,1),(95,1),(96,1),(99,1),(102,1),(103,1),(104,1),(105,1),(106,1),(107,1),(117,1),(118,1),(119,1),(120,1),(122,1),(123,1),(124,1),(127,1),(128,1),(147,1),(148,1),(153,1),(170,1),(171,1),(172,1),(173,1),(175,1),(178,1),(179,1),(180,1),(181,1),(185,1),(190,1),(191,1),(193,1),(194,1),(198,1),(201,1),(203,1),(204,1),(210,1),(212,1),(214,1),(219,1),(221,1),(223,1),(224,1),(225,1),(226,1),(227,1),(228,1),(230,1),(231,1),(232,1),(233,1),(235,1),(237,1),(238,1),(240,1),(241,1),(243,1),(244,1),(247,1),(248,1),(250,1),(253,1),(254,1),(255,1),(256,1),(257,1),(258,1),(262,1),(263,1),(264,1),(265,1),(266,1),(268,1),(272,1),(275,1),(277,1),(279,1),(283,1),(284,1),(285,1),(287,1),(288,1),(291,1),(292,1),(293,1),(294,1),(295,1),(298,1),(299,1),(305,1),(307,1),(308,1),(309,1),(310,1),(312,1),(314,1),(315,1),(316,1),(317,1),(319,1),(320,1),(322,1),(324,1),(326,1),(328,1),(330,1),(331,1),(335,1),(336,1),(337,1),(342,1),(346,1),(348,1),(351,1),(353,1),(354,1),(357,1),(359,1),(364,1),(367,1),(368,1),(373,1),(374,1),(375,1),(376,1),(377,1),(379,1),(380,1),(381,1),(383,1),(385,1),(389,1),(390,1),(391,1),(392,1),(393,1),(394,1),(397,1),(398,1),(399,1),(401,1),(403,1),(406,1),(408,1),(409,1),(412,1),(413,1),(415,1),(419,1),(420,1),(421,1),(422,1),(427,1),(430,1),(431,1),(432,1),(433,1),(434,1),(435,1),(436,1),(437,1),(439,1),(440,1),(441,1),(444,1),(446,1),(447,1),(448,1),(449,1),(450,1),(451,1),(452,1),(459,1),(460,1),(462,1),(468,1),(472,1),(475,1),(478,1),(479,1),(480,1),(16,2),(20,2),(32,2),(33,2),(45,2),(54,2),(71,2),(111,2),(112,2),(121,2),(132,2),(133,2),(135,2),(136,2),(139,2),(141,2),(142,2),(143,2),(144,2),(146,2),(149,2),(154,2),(155,2),(159,2),(162,2),(169,2),(186,2),(189,2),(207,2),(209,2),(213,2),(217,2),(218,2),(246,2),(267,2),(286,2),(290,2),(304,2),(338,2),(343,2),(352,2),(355,2),(360,2),(362,2),(370,2),(396,2),(402,2),(404,2),(405,2),(407,2),(410,2),(423,2),(438,2),(453,2),(456,2),(458,2),(461,2),(463,2),(476,2),(481,2),(18,3),(25,3),(43,3),(48,3),(64,3),(65,3),(75,3),(81,3),(86,3),(98,3),(109,3),(129,3),(163,3),(167,3),(174,3),(195,3),(215,3),(220,3),(239,3),(252,3),(261,3),(323,3),(327,3),(365,3),(378,3),(400,3),(426,3),(429,3),(454,3),(474,3),(21,4),(26,4),(44,4),(57,4),(274,4),(276,4),(382,4),(411,4),(424,4),(28,5),(52,5),(55,5),(76,5),(88,5),(113,5),(140,5),(150,5),(157,5),(161,5),(164,5),(166,5),(176,5),(182,5),(184,5),(188,5),(236,5),(278,5),(296,5),(333,5),(340,5),(341,5),(356,5),(369,5),(371,5),(384,5),(428,5),(457,5),(471,5),(473,5),(34,6),(40,7),(72,7),(101,7),(165,7),(205,7),(208,7),(216,7),(260,7),(303,7),(306,7),(325,7),(329,7),(339,7),(349,7),(358,7),(366,7),(372,7),(386,7),(443,7),(47,8),(110,8),(126,8),(137,8),(183,8),(347,8),(49,9),(138,9),(187,9),(200,9),(229,9),(302,9),(395,9),(50,10),(58,10),(68,10),(69,10),(73,10),(85,10),(94,10),(97,10),(100,10),(108,10),(115,10),(116,10),(130,10),(131,10),(134,10),(152,10),(158,10),(160,10),(177,10),(192,10),(196,10),(197,10),(199,10),(206,10),(211,10),(249,10),(251,10),(271,10),(280,10),(297,10),(311,10),(313,10),(350,10),(361,10),(388,10),(414,10),(416,10),(418,10),(425,10),(455,10),(464,10),(465,10),(466,10),(470,10),(79,11),(84,12),(156,12),(301,12),(334,12),(344,12),(114,13),(145,13),(151,13),(202,13),(269,13),(273,13),(281,13),(289,13),(318,13),(321,13),(363,13),(387,13),(442,13),(445,13),(467,13),(477,13),(125,14),(242,14),(259,14),(168,15),(245,15),(270,15),(345,15),(222,16),(300,16),(234,17),(282,18),(332,18),(417,19),(469,19),(487,20),(492,20),(493,20),(495,20),(497,20),(499,20),(496,21),(498,22),(2,23);
/*!40000 ALTER TABLE `respondent_organization` ENABLE KEYS */;
UNLOCK TABLES;

--
-- Table structure for table `respondent_platform`
--

DROP TABLE IF EXISTS `respondent_platform`;
/*!40101 SET @saved_cs_client     = @@character_set_client */;
/*!50503 SET character_set_client = utf8mb4 */;
CREATE TABLE `respondent_platform` (
  `respondent_id` int NOT NULL,
  `platform_id` int NOT NULL,
  PRIMARY KEY (`respondent_id`,`platform_id`),
  KEY `platform_id` (`platform_id`),
  CONSTRAINT `respondent_platform_ibfk_1` FOREIGN KEY (`respondent_id`) REFERENCES `respondent` (`respondent_id`) ON DELETE CASCADE,
  CONSTRAINT `respondent_platform_ibfk_2` FOREIGN KEY (`platform_id`) REFERENCES `platform` (`platform_id`) ON DELETE CASCADE
) ENGINE=InnoDB DEFAULT CHARSET=utf8mb4 COLLATE=utf8mb4_unicode_ci;
/*!40101 SET character_set_client = @saved_cs_client */;

--
-- Dumping data for table `respondent_platform`
--

LOCK TABLES `respondent_platform` WRITE;
/*!40000 ALTER TABLE `respondent_platform` DISABLE KEYS */;
INSERT INTO `respondent_platform` VALUES (1,1),(3,1),(4,1),(5,1),(6,1),(7,1),(8,1),(9,1),(11,1),(12,1),(13,1),(14,1),(15,1),(16,1),(17,1),(18,1),(19,1),(20,1),(21,1),(22,1),(23,1),(24,1),(25,1),(26,1),(27,1),(28,1),(29,1),(30,1),(31,1),(32,1),(33,1),(34,1),(35,1),(36,1),(37,1),(38,1),(39,1),(40,1),(41,1),(42,1),(44,1),(46,1),(47,1),(50,1),(51,1),(53,1),(56,1),(57,1),(58,1),(59,1),(61,1),(63,1),(67,1),(75,1),(77,1),(78,1),(79,1),(80,1),(82,1),(84,1),(85,1),(87,1),(89,1),(90,1),(91,1),(92,1),(93,1),(96,1),(99,1),(100,1),(101,1),(102,1),(104,1),(105,1),(106,1),(107,1),(108,1),(109,1),(110,1),(111,1),(112,1),(113,1),(114,1),(115,1),(116,1),(117,1),(118,1),(119,1),(120,1),(121,1),(122,1),(123,1),(124,1),(126,1),(127,1),(128,1),(129,1),(131,1),(132,1),(133,1),(134,1),(136,1),(137,1),(138,1),(139,1),(140,1),(141,1),(142,1),(143,1),(144,1),(145,1),(146,1),(147,1),(148,1),(149,1),(150,1),(151,1),(152,1),(154,1),(155,1),(156,1),(159,1),(160,1),(161,1),(162,1),(163,1),(166,1),(167,1),(168,1),(170,1),(172,1),(173,1),(174,1),(177,1),(179,1),(180,1),(181,1),(182,1),(183,1),(184,1),(185,1),(186,1),(188,1),(189,1),(191,1),(192,1),(193,1),(194,1),(195,1),(196,1),(197,1),(198,1),(199,1),(200,1),(201,1),(202,1),(203,1),(204,1),(205,1),(207,1),(208,1),(209,1),(211,1),(213,1),(214,1),(216,1),(217,1),(218,1),(219,1),(220,1),(221,1),(222,1),(223,1),(224,1),(225,1),(226,1),(227,1),(228,1),(229,1),(230,1),(231,1),(232,1),(234,1),(235,1),(237,1),(238,1),(240,1),(241,1),(242,1),(243,1),(244,1),(245,1),(246,1),(247,1),(248,1),(249,1),(250,1),(251,1),(252,1),(253,1),(254,1),(255,1),(256,1),(257,1),(258,1),(259,1),(260,1),(261,1),(262,1),(263,1),(264,1),(265,1),(266,1),(267,1),(269,1),(270,1),(271,1),(272,1),(273,1),(275,1),(276,1),(277,1),(278,1),(279,1),(281,1),(282,1),(283,1),(284,1),(285,1),(286,1),(287,1),(288,1),(289,1),(290,1),(291,1),(292,1),(293,1),(294,1),(295,1),(296,1),(297,1),(298,1),(299,1),(300,1),(301,1),(302,1),(304,1),(305,1),(306,1),(307,1),(308,1),(309,1),(312,1),(313,1),(314,1),(315,1),(316,1),(317,1),(318,1),(319,1),(320,1),(321,1),(322,1),(323,1),(324,1),(325,1),(326,1),(327,1),(328,1),(329,1),(330,1),(331,1),(332,1),(333,1),(334,1),(335,1),(336,1),(337,1),(338,1),(339,1),(340,1),(342,1),(343,1),(344,1),(345,1),(346,1),(347,1),(348,1),(349,1),(350,1),(351,1),(352,1),(353,1),(354,1),(355,1),(356,1),(358,1),(360,1),(361,1),(362,1),(363,1),(364,1),(365,1),(366,1),(367,1),(368,1),(369,1),(370,1),(371,1),(372,1),(374,1),(375,1),(376,1),(377,1),(378,1),(379,1),(380,1),(381,1),(383,1),(384,1),(385,1),(386,1),(387,1),(388,1),(390,1),(391,1),(392,1),(393,1),(394,1),(395,1),(396,1),(397,1),(398,1),(399,1),(400,1),(401,1),(402,1),(403,1),(404,1),(405,1),(406,1),(407,1),(408,1),(409,1),(410,1),(411,1),(412,1),(413,1),(414,1),(415,1),(416,1),(417,1),(418,1),(419,1),(420,1),(421,1),(422,1),(423,1),(424,1),(425,1),(426,1),(427,1),(428,1),(429,1),(430,1),(431,1),(432,1),(433,1),(434,1),(436,1),(437,1),(438,1),(439,1),(440,1),(441,1),(443,1),(444,1),(445,1),(446,1),(447,1),(448,1),(449,1),(450,1),(451,1),(452,1),(453,1),(454,1),(455,1),(456,1),(457,1),(458,1),(459,1),(460,1),(461,1),(463,1),(467,1),(472,1),(473,1),(474,1),(475,1),(476,1),(477,1),(478,1),(479,1),(480,1),(481,1),(487,1),(492,1),(493,1),(495,1),(496,1),(497,1),(498,1),(1,2),(6,2),(13,2),(14,2),(20,2),(22,2),(25,2),(28,2),(36,2),(38,2),(45,2),(49,2),(51,2),(56,2),(59,2),(61,2),(68,2),(73,2),(74,2),(78,2),(81,2),(85,2),(93,2),(94,2),(101,2),(102,2),(104,2),(127,2),(133,2),(136,2),(138,2),(139,2),(140,2),(141,2),(143,2),(144,2),(147,2),(148,2),(153,2),(154,2),(155,2),(157,2),(162,2),(164,2),(165,2),(166,2),(168,2),(169,2),(170,2),(171,2),(176,2),(179,2),(182,2),(184,2),(185,2),(188,2),(198,2),(201,2),(210,2),(216,2),(221,2),(222,2),(224,2),(235,2),(241,2),(253,2),(255,2),(264,2),(267,2),(270,2),(271,2),(273,2),(275,2),(284,2),(285,2),(287,2),(289,2),(296,2),(298,2),(299,2),(306,2),(310,2),(312,2),(315,2),(317,2),(321,2),(323,2),(324,2),(325,2),(330,2),(331,2),(332,2),(333,2),(336,2),(337,2),(340,2),(348,2),(349,2),(354,2),(357,2),(358,2),(359,2),(363,2),(366,2),(371,2),(374,2),(375,2),(376,2),(377,2),(379,2),(384,2),(389,2),(392,2),(393,2),(395,2),(399,2),(401,2),(410,2),(416,2),(422,2),(424,2),(430,2),(434,2),(444,2),(450,2),(457,2),(458,2),(462,2),(466,2),(480,2),(497,2),(499,2),(1,3),(3,3),(4,3),(5,3),(6,3),(7,3),(8,3),(9,3),(11,3),(12,3),(13,3),(14,3),(16,3),(18,3),(20,3),(21,3),(22,3),(23,3),(24,3),(27,3),(28,3),(29,3),(30,3),(31,3),(33,3),(34,3),(35,3),(36,3),(37,3),(38,3),(39,3),(41,3),(42,3),(44,3),(46,3),(48,3),(51,3),(56,3),(57,3),(58,3),(59,3),(60,3),(61,3),(63,3),(67,3),(68,3),(71,3),(72,3),(73,3),(78,3),(81,3),(82,3),(83,3),(84,3),(85,3),(90,3),(91,3),(93,3),(94,3),(95,3),(96,3),(97,3),(99,3),(100,3),(101,3),(102,3),(103,3),(104,3),(105,3),(107,3),(109,3),(110,3),(111,3),(112,3),(114,3),(115,3),(117,3),(119,3),(120,3),(121,3),(122,3),(124,3),(125,3),(126,3),(127,3),(128,3),(129,3),(130,3),(131,3),(133,3),(135,3),(136,3),(138,3),(139,3),(140,3),(141,3),(142,3),(143,3),(144,3),(145,3),(147,3),(148,3),(149,3),(152,3),(153,3),(155,3),(156,3),(159,3),(161,3),(162,3),(163,3),(165,3),(168,3),(170,3),(171,3),(173,3),(174,3),(175,3),(176,3),(179,3),(180,3),(182,3),(184,3),(185,3),(187,3),(188,3),(189,3),(190,3),(192,3),(193,3),(194,3),(195,3),(196,3),(199,3),(201,3),(202,3),(203,3),(204,3),(206,3),(207,3),(208,3),(209,3),(210,3),(211,3),(215,3),(216,3),(219,3),(221,3),(222,3),(224,3),(226,3),(227,3),(228,3),(230,3),(231,3),(232,3),(235,3),(236,3),(237,3),(238,3),(240,3),(241,3),(242,3),(243,3),(244,3),(245,3),(246,3),(248,3),(250,3),(252,3),(253,3),(254,3),(255,3),(256,3),(257,3),(258,3),(259,3),(260,3),(262,3),(263,3),(264,3),(265,3),(266,3),(267,3),(269,3),(271,3),(272,3),(273,3),(275,3),(276,3),(277,3),(278,3),(279,3),(281,3),(282,3),(283,3),(284,3),(285,3),(286,3),(287,3),(288,3),(289,3),(290,3),(292,3),(293,3),(294,3),(295,3),(296,3),(298,3),(299,3),(301,3),(302,3),(303,3),(305,3),(306,3),(307,3),(309,3),(310,3),(311,3),(312,3),(313,3),(314,3),(315,3),(317,3),(318,3),(319,3),(321,3),(322,3),(323,3),(324,3),(325,3),(326,3),(327,3),(328,3),(329,3),(330,3),(331,3),(332,3),(333,3),(334,3),(335,3),(336,3),(337,3),(338,3),(339,3),(340,3),(342,3),(343,3),(344,3),(345,3),(346,3),(348,3),(349,3),(351,3),(353,3),(354,3),(355,3),(356,3),(358,3),(359,3),(360,3),(361,3),(362,3),(363,3),(364,3),(365,3),(366,3),(367,3),(368,3),(369,3),(370,3),(371,3),(372,3),(374,3),(375,3),(376,3),(377,3),(378,3),(379,3),(380,3),(381,3),(382,3),(384,3),(385,3),(387,3),(388,3),(389,3),(390,3),(391,3),(392,3),(393,3),(394,3),(395,3),(396,3),(397,3),(399,3),(400,3),(401,3),(403,3),(408,3),(409,3),(410,3),(411,3),(412,3),(413,3),(414,3),(416,3),(417,3),(418,3),(419,3),(420,3),(421,3),(422,3),(423,3),(424,3),(425,3),(426,3),(427,3),(428,3),(429,3),(430,3),(431,3),(432,3),(433,3),(434,3),(436,3),(437,3),(438,3),(439,3),(440,3),(441,3),(444,3),(445,3),(446,3),(447,3),(448,3),(449,3),(450,3),(451,3),(452,3),(453,3),(456,3),(458,3),(461,3),(462,3),(463,3),(464,3),(465,3),(466,3),(467,3),(470,3),(471,3),(472,3),(473,3),(475,3),(476,3),(477,3),(480,3),(487,3),(492,3),(493,3),(495,3),(496,3),(497,3),(498,3),(499,3),(1,4),(3,4),(5,4),(6,4),(7,4),(8,4),(9,4),(11,4),(12,4),(13,4),(14,4),(15,4),(16,4),(17,4),(18,4),(19,4),(20,4),(21,4),(22,4),(23,4),(24,4),(25,4),(26,4),(27,4),(28,4),(29,4),(30,4),(31,4),(32,4),(33,4),(34,4),(35,4),(36,4),(38,4),(39,4),(40,4),(41,4),(42,4),(43,4),(44,4),(46,4),(47,4),(48,4),(49,4),(50,4),(51,4),(52,4),(55,4),(56,4),(57,4),(58,4),(59,4),(61,4),(62,4),(63,4),(66,4),(68,4),(70,4),(71,4),(72,4),(73,4),(74,4),(75,4),(77,4),(78,4),(79,4),(80,4),(81,4),(82,4),(83,4),(84,4),(85,4),(86,4),(87,4),(89,4),(90,4),(91,4),(92,4),(93,4),(94,4),(96,4),(97,4),(98,4),(99,4),(100,4),(101,4),(102,4),(104,4),(105,4),(106,4),(108,4),(109,4),(110,4),(111,4),(112,4),(113,4),(115,4),(119,4),(120,4),(122,4),(123,4),(124,4),(126,4),(127,4),(128,4),(129,4),(130,4),(131,4),(132,4),(133,4),(135,4),(136,4),(137,4),(138,4),(139,4),(140,4),(141,4),(142,4),(143,4),(144,4),(145,4),(147,4),(148,4),(149,4),(150,4),(151,4),(152,4),(153,4),(154,4),(155,4),(156,4),(158,4),(159,4),(161,4),(162,4),(163,4),(164,4),(165,4),(167,4),(168,4),(169,4),(170,4),(171,4),(172,4),(173,4),(174,4),(175,4),(176,4),(177,4),(179,4),(180,4),(181,4),(182,4),(183,4),(184,4),(185,4),(186,4),(187,4),(188,4),(191,4),(192,4),(193,4),(194,4),(195,4),(196,4),(198,4),(199,4),(200,4),(201,4),(202,4),(203,4),(204,4),(207,4),(208,4),(209,4),(210,4),(211,4),(212,4),(213,4),(214,4),(216,4),(217,4),(218,4),(219,4),(221,4),(222,4),(223,4),(224,4),(226,4),(227,4),(228,4),(229,4),(230,4),(231,4),(232,4),(233,4),(234,4),(235,4),(236,4),(237,4),(238,4),(240,4),(241,4),(242,4),(244,4),(245,4),(246,4),(247,4),(248,4),(250,4),(252,4),(253,4),(254,4),(255,4),(256,4),(257,4),(258,4),(259,4),(261,4),(262,4),(263,4),(264,4),(265,4),(266,4),(267,4),(268,4),(269,4),(270,4),(271,4),(272,4),(273,4),(274,4),(275,4),(276,4),(277,4),(278,4),(279,4),(281,4),(282,4),(283,4),(284,4),(285,4),(286,4),(287,4),(288,4),(289,4),(290,4),(291,4),(292,4),(293,4),(294,4),(295,4),(296,4),(298,4),(299,4),(301,4),(302,4),(303,4),(305,4),(306,4),(307,4),(308,4),(309,4),(310,4),(311,4),(312,4),(313,4),(315,4),(317,4),(318,4),(319,4),(320,4),(321,4),(322,4),(323,4),(324,4),(325,4),(326,4),(327,4),(328,4),(330,4),(331,4),(332,4),(333,4),(334,4),(335,4),(336,4),(337,4),(338,4),(339,4),(341,4),(342,4),(344,4),(345,4),(346,4),(347,4),(348,4),(349,4),(350,4),(351,4),(352,4),(353,4),(354,4),(355,4),(356,4),(358,4),(360,4),(361,4),(362,4),(363,4),(364,4),(365,4),(366,4),(367,4),(368,4),(369,4),(371,4),(372,4),(373,4),(374,4),(375,4),(376,4),(377,4),(378,4),(379,4),(380,4),(381,4),(382,4),(383,4),(384,4),(385,4),(386,4),(387,4),(388,4),(389,4),(390,4),(391,4),(392,4),(393,4),(394,4),(395,4),(396,4),(397,4),(399,4),(400,4),(401,4),(402,4),(403,4),(406,4),(410,4),(411,4),(412,4),(413,4),(414,4),(416,4),(417,4),(418,4),(419,4),(420,4),(421,4),(422,4),(423,4),(424,4),(425,4),(426,4),(427,4),(428,4),(429,4),(430,4),(431,4),(432,4),(433,4),(434,4),(435,4),(438,4),(439,4),(440,4),(441,4),(442,4),(443,4),(444,4),(445,4),(446,4),(447,4),(448,4),(449,4),(450,4),(452,4),(453,4),(454,4),(455,4),(456,4),(457,4),(458,4),(460,4),(462,4),(463,4),(464,4),(466,4),(467,4),(470,4),(471,4),(472,4),(473,4),(474,4),(475,4),(477,4),(478,4),(479,4),(480,4),(481,4),(499,4),(1,5),(6,5),(11,5),(12,5),(13,5),(17,5),(19,5),(21,5),(22,5),(25,5),(27,5),(29,5),(30,5),(31,5),(34,5),(35,5),(36,5),(38,5),(40,5),(45,5),(51,5),(52,5),(54,5),(55,5),(57,5),(58,5),(59,5),(61,5),(65,5),(66,5),(70,5),(72,5),(74,5),(75,5),(78,5),(80,5),(81,5),(82,5),(83,5),(94,5),(96,5),(97,5),(100,5),(102,5),(119,5),(127,5),(131,5),(145,5),(147,5),(151,5),(152,5),(162,5),(170,5),(171,5),(185,5),(191,5),(192,5),(195,5),(196,5),(198,5),(200,5),(201,5),(202,5),(204,5),(205,5),(206,5),(208,5),(210,5),(211,5),(212,5),(216,5),(222,5),(224,5),(227,5),(231,5),(234,5),(235,5),(236,5),(242,5),(244,5),(245,5),(247,5),(250,5),(252,5),(253,5),(255,5),(257,5),(258,5),(260,5),(262,5),(264,5),(266,5),(270,5),(271,5),(272,5),(273,5),(274,5),(275,5),(276,5),(277,5),(278,5),(279,5),(280,5),(281,5),(282,5),(284,5),(287,5),(289,5),(290,5),(292,5),(293,5),(297,5),(303,5),(306,5),(309,5),(311,5),(312,5),(317,5),(320,5),(322,5),(323,5),(324,5),(325,5),(327,5),(328,5),(330,5),(331,5),(332,5),(335,5),(337,5),(339,5),(341,5),(344,5),(345,5),(346,5),(348,5),(349,5),(351,5),(353,5),(355,5),(356,5),(357,5),(358,5),(360,5),(364,5),(365,5),(366,5),(368,5),(370,5),(371,5),(376,5),(377,5),(379,5),(382,5),(384,5),(386,5),(387,5),(388,5),(390,5),(391,5),(392,5),(393,5),(394,5),(395,5),(406,5),(412,5),(414,5),(416,5),(417,5),(419,5),(420,5),(421,5),(422,5),(424,5),(425,5),(430,5),(431,5),(432,5),(433,5),(434,5),(440,5),(441,5),(443,5),(446,5),(449,5),(451,5),(452,5),(453,5),(460,5),(464,5),(465,5),(466,5),(467,5),(468,5),(470,5),(471,5),(480,5),(499,5),(1,6),(10,6),(12,6),(13,6),(14,6),(16,6),(18,6),(19,6),(21,6),(22,6),(38,6),(45,6),(48,6),(49,6),(51,6),(54,6),(55,6),(56,6),(57,6),(59,6),(60,6),(62,6),(64,6),(65,6),(66,6),(67,6),(68,6),(69,6),(70,6),(72,6),(73,6),(74,6),(75,6),(76,6),(77,6),(79,6),(80,6),(81,6),(82,6),(83,6),(85,6),(86,6),(88,6),(94,6),(98,6),(102,6),(162,6),(165,6),(171,6),(176,6),(184,6),(191,6),(198,6),(200,6),(202,6),(204,6),(205,6),(206,6),(210,6),(212,6),(216,6),(235,6),(236,6),(245,6),(255,6),(264,6),(271,6),(273,6),(274,6),(275,6),(282,6),(293,6),(299,6),(303,6),(306,6),(312,6),(317,6),(323,6),(325,6),(326,6),(330,6),(331,6),(332,6),(333,6),(337,6),(339,6),(340,6),(345,6),(348,6),(349,6),(353,6),(354,6),(355,6),(357,6),(366,6),(371,6),(374,6),(377,6),(379,6),(382,6),(384,6),(388,6),(390,6),(393,6),(403,6),(407,6),(410,6),(411,6),(412,6),(418,6),(422,6),(423,6),(425,6),(431,6),(432,6),(434,6),(438,6),(440,6),(443,6),(446,6),(452,6),(453,6),(468,6),(470,6),(471,6),(3,7),(6,7),(10,7),(12,7),(13,7),(14,7),(15,7),(23,7),(24,7),(29,7),(32,7),(34,7),(39,7),(44,7),(48,7),(51,7),(58,7),(59,7),(63,7),(73,7),(82,7),(84,7),(90,7),(99,7),(102,7),(104,7),(105,7),(110,7),(112,7),(123,7),(128,7),(130,7),(131,7),(136,7),(137,7),(138,7),(139,7),(141,7),(147,7),(152,7),(156,7),(162,7),(163,7),(167,7),(168,7),(175,7),(178,7),(179,7),(180,7),(184,7),(185,7),(188,7),(189,7),(191,7),(192,7),(196,7),(206,7),(209,7),(210,7),(222,7),(224,7),(227,7),(234,7),(237,7),(238,7),(250,7),(252,7),(253,7),(254,7),(264,7),(269,7),(270,7),(271,7),(272,7),(273,7),(276,7),(281,7),(282,7),(288,7),(289,7),(290,7),(293,7),(296,7),(301,7),(309,7),(311,7),(312,7),(313,7),(317,7),(319,7),(322,7),(323,7),(326,7),(328,7),(329,7),(330,7),(331,7),(333,7),(334,7),(337,7),(345,7),(348,7),(354,7),(358,7),(362,7),(363,7),(366,7),(370,7),(371,7),(373,7),(374,7),(376,7),(377,7),(381,7),(382,7),(384,7),(387,7),(388,7),(390,7),(392,7),(395,7),(396,7),(399,7),(403,7),(406,7),(411,7),(418,7),(422,7),(425,7),(426,7),(428,7),(431,7),(432,7),(444,7),(446,7),(447,7),(450,7),(453,7),(455,7),(457,7),(463,7),(466,7),(469,7),(471,7),(480,7),(6,8),(7,8),(12,8),(22,8),(29,8),(33,8),(51,8),(56,8),(59,8),(67,8),(68,8),(73,8),(78,8),(94,8),(100,8),(107,8),(119,8),(122,8),(128,8),(162,8),(163,8),(165,8),(171,8),(176,8),(183,8),(184,8),(185,8),(192,8),(195,8),(204,8),(206,8),(210,8),(213,8),(226,8),(235,8),(236,8),(238,8),(239,8),(241,8),(242,8),(252,8),(253,8),(259,8),(262,8),(264,8),(269,8),(271,8),(272,8),(273,8),(276,8),(281,8),(284,8),(293,8),(294,8),(304,8),(306,8),(313,8),(315,8),(319,8),(321,8),(326,8),(327,8),(329,8),(330,8),(331,8),(334,8),(344,8),(345,8),(348,8),(355,8),(359,8),(361,8),(366,8),(370,8),(376,8),(377,8),(381,8),(384,8),(387,8),(389,8),(390,8),(395,8),(403,8),(409,8),(416,8),(418,8),(424,8),(430,8),(438,8),(440,8),(447,8),(453,8),(471,8),(474,8),(7,9),(12,9),(13,9),(14,9),(24,9),(29,9),(30,9),(38,9),(39,9),(41,9),(42,9),(44,9),(51,9),(52,9),(56,9),(57,9),(59,9),(70,9),(73,9),(78,9),(81,9),(82,9),(83,9),(90,9),(91,9),(93,9),(94,9),(96,9),(100,9),(102,9),(104,9),(105,9),(109,9),(114,9),(115,9),(119,9),(123,9),(124,9),(126,9),(127,9),(128,9),(130,9),(139,9),(144,9),(145,9),(147,9),(162,9),(170,9),(171,9),(174,9),(179,9),(185,9),(192,9),(193,9),(194,9),(195,9),(201,9),(202,9),(209,9),(210,9),(214,9),(219,9),(221,9),(222,9),(224,9),(226,9),(227,9),(238,9),(241,9),(242,9),(245,9),(246,9),(248,9),(250,9),(253,9),(255,9),(256,9),(257,9),(258,9),(261,9),(262,9),(265,9),(269,9),(271,9),(272,9),(273,9),(276,9),(277,9),(283,9),(284,9),(286,9),(288,9),(289,9),(292,9),(293,9),(294,9),(296,9),(301,9),(302,9),(303,9),(306,9),(309,9),(312,9),(313,9),(315,9),(317,9),(318,9),(319,9),(320,9),(321,9),(322,9),(324,9),(325,9),(326,9),(327,9),(329,9),(330,9),(331,9),(332,9),(336,9),(337,9),(339,9),(340,9),(344,9),(345,9),(346,9),(348,9),(349,9),(351,9),(355,9),(358,9),(360,9),(363,9),(364,9),(365,9),(366,9),(368,9),(369,9),(370,9),(371,9),(372,9),(375,9),(376,9),(377,9),(379,9),(380,9),(381,9),(384,9),(385,9),(387,9),(388,9),(390,9),(391,9),(393,9),(394,9),(395,9),(397,9),(399,9),(400,9),(407,9),(408,9),(413,9),(416,9),(418,9),(419,9),(420,9),(421,9),(424,9),(425,9),(427,9),(430,9),(431,9),(432,9),(434,9),(437,9),(440,9),(447,9),(448,9),(449,9),(453,9),(471,9),(2,10);
/*!40000 ALTER TABLE `respondent_platform` ENABLE KEYS */;
UNLOCK TABLES;

--
-- Table structure for table `social_media_usage`
--

DROP TABLE IF EXISTS `social_media_usage`;
/*!40101 SET @saved_cs_client     = @@character_set_client */;
/*!50503 SET character_set_client = utf8mb4 */;
CREATE TABLE `social_media_usage` (
  `respondent_id` int NOT NULL,
  `uses_social_media` varchar(10) COLLATE utf8mb4_unicode_ci DEFAULT NULL,
  `daily_average_time` varchar(50) COLLATE utf8mb4_unicode_ci DEFAULT NULL,
  `aimless_usage_frequency` tinyint DEFAULT NULL,
  `distraction_frequency` tinyint DEFAULT NULL,
  `restlessness_frequency` tinyint DEFAULT NULL,
  PRIMARY KEY (`respondent_id`),
  CONSTRAINT `fk_smu_resp` FOREIGN KEY (`respondent_id`) REFERENCES `respondent` (`respondent_id`) ON DELETE CASCADE
) ENGINE=InnoDB DEFAULT CHARSET=utf8mb4 COLLATE=utf8mb4_unicode_ci;
/*!40101 SET character_set_client = @saved_cs_client */;

--
-- Dumping data for table `social_media_usage`
--

LOCK TABLES `social_media_usage` WRITE;
/*!40000 ALTER TABLE `social_media_usage` DISABLE KEYS */;
INSERT INTO `social_media_usage` VALUES (1,'Yes','Between 2 and 3 hours',5,3,2),(2,'string','string',0,0,0),(3,'Yes','Between 3 and 4 hours',3,2,1),(4,'Yes','More than 5 hours',4,2,1),(5,'Yes','Between 2 and 3 hours',3,5,4),(6,'Yes','Between 2 and 3 hours',4,4,2),(7,'Yes','Between 3 and 4 hours',4,3,2),(8,'Yes','More than 5 hours',5,2,3),(9,'Yes','More than 5 hours',5,2,3),(10,'No','Less than an Hour',1,1,1),(11,'Yes','Between 2 and 3 hours',5,5,2),(12,'Yes','Between 3 and 4 hours',4,4,2),(13,'Yes','Between 3 and 4 hours',3,4,2),(14,'Yes','Between 3 and 4 hours',5,3,2),(15,'Yes','More than 5 hours',5,5,5),(16,'Yes','Between 1 and 2 hours',3,4,2),(17,'Yes','Less than an Hour',2,2,1),(18,'Yes','Between 4 and 5 hours',5,5,4),(19,'Yes','Between 1 and 2 hours',3,4,2),(20,'Yes','Between 1 and 2 hours',2,4,3),(21,'Yes','Between 2 and 3 hours',4,2,2),(22,'Yes','More than 5 hours',3,2,4),(23,'Yes','Between 3 and 4 hours',3,4,3),(24,'Yes','Between 1 and 2 hours',3,2,2),(25,'Yes','Between 3 and 4 hours',3,3,5),(26,'Yes','Between 3 and 4 hours',4,4,3),(27,'Yes','Between 3 and 4 hours',4,4,3),(28,'Yes','Between 2 and 3 hours',2,4,4),(29,'Yes','Between 4 and 5 hours',3,4,3),(30,'Yes','Between 3 and 4 hours',4,4,5),(31,'Yes','Between 3 and 4 hours',4,4,3),(32,'Yes','Between 2 and 3 hours',3,4,3),(33,'Yes','Between 2 and 3 hours',3,3,3),(34,'Yes','Between 2 and 3 hours',4,3,3),(35,'Yes','Between 3 and 4 hours',5,5,5),(36,'Yes','More than 5 hours',3,4,5),(37,'Yes','Between 3 and 4 hours',5,3,4),(38,'Yes','Less than an Hour',2,3,1),(39,'Yes','Between 3 and 4 hours',4,5,5),(40,'Yes','Between 2 and 3 hours',4,4,2),(41,'Yes','Between 1 and 2 hours',1,1,1),(42,'Yes','Between 3 and 4 hours',3,5,2),(43,'Yes','Between 1 and 2 hours',1,1,1),(44,'Yes','More than 5 hours',3,2,4),(45,'Yes','More than 5 hours',5,1,1),(46,'Yes','More than 5 hours',4,5,4),(47,'Yes','Between 3 and 4 hours',5,3,2),(48,'Yes','Between 3 and 4 hours',4,3,1),(49,'Yes','Between 2 and 3 hours',3,3,3),(50,'Yes','Between 3 and 4 hours',3,3,1),(51,'Yes','Between 3 and 4 hours',4,4,3),(52,'Yes','More than 5 hours',5,5,5),(53,'Yes','Less than an Hour',3,5,3),(54,'Yes','Between 1 and 2 hours',3,2,1),(55,'No','Between 1 and 2 hours',4,1,1),(56,'Yes','More than 5 hours',2,5,5),(57,'Yes','More than 5 hours',3,2,1),(58,'Yes','Between 2 and 3 hours',3,2,2),(59,'Yes','Between 2 and 3 hours',4,5,2),(60,'Yes','Between 1 and 2 hours',1,1,1),(61,'Yes','More than 5 hours',4,3,3),(62,'Yes','Between 1 and 2 hours',2,2,1),(63,'Yes','More than 5 hours',4,4,3),(64,'Yes','Between 1 and 2 hours',3,1,1),(65,'Yes','Between 2 and 3 hours',2,3,1),(66,'Yes','Between 1 and 2 hours',3,2,4),(67,'Yes','Between 3 and 4 hours',5,5,5),(68,'Yes','Between 2 and 3 hours',2,1,2),(69,'Yes','Between 1 and 2 hours',4,2,2),(70,'Yes','Between 3 and 4 hours',4,4,3),(71,'Yes','Between 3 and 4 hours',2,4,3),(72,'Yes','Between 2 and 3 hours',5,5,5),(73,'Yes','More than 5 hours',4,4,2),(74,'Yes','Between 1 and 2 hours',5,2,1),(75,'Yes','Between 4 and 5 hours',4,4,3),(76,'Yes','Less than an Hour',2,1,1),(77,'Yes','Between 2 and 3 hours',4,5,3),(78,'Yes','Between 3 and 4 hours',4,3,4),(79,'Yes','Between 3 and 4 hours',4,3,3),(80,'Yes','Between 3 and 4 hours',2,5,4),(81,'Yes','Between 2 and 3 hours',4,4,4),(82,'Yes','More than 5 hours',4,4,2),(83,'Yes','More than 5 hours',5,5,3),(84,'Yes','Between 4 and 5 hours',3,5,5),(85,'Yes','Between 2 and 3 hours',4,4,3),(86,'Yes','Between 2 and 3 hours',4,3,2),(87,'Yes','Between 1 and 2 hours',3,4,3),(88,'Yes','Between 1 and 2 hours',4,3,2),(89,'Yes','Between 2 and 3 hours',5,4,2),(90,'Yes','Between 2 and 3 hours',4,5,4),(91,'Yes','Between 2 and 3 hours',3,5,2),(92,'Yes','Between 3 and 4 hours',4,5,4),(93,'Yes','More than 5 hours',4,3,3),(94,'Yes','Between 4 and 5 hours',4,4,3),(95,'Yes','Between 4 and 5 hours',4,5,3),(96,'Yes','More than 5 hours',5,5,1),(97,'Yes','Between 4 and 5 hours',5,5,2),(98,'Yes','More than 5 hours',4,2,1),(99,'Yes','More than 5 hours',4,4,4),(100,'Yes','Between 4 and 5 hours',4,5,2),(101,'Yes','Between 2 and 3 hours',3,4,3),(102,'Yes','Between 1 and 2 hours',5,4,3),(103,'Yes','Between 3 and 4 hours',3,4,3),(104,'Yes','Between 1 and 2 hours',4,3,4),(105,'Yes','Between 4 and 5 hours',2,3,4),(106,'Yes','Between 4 and 5 hours',2,3,4),(107,'Yes','Between 2 and 3 hours',3,2,2),(108,'Yes','Between 1 and 2 hours',1,1,1),(109,'Yes','Between 3 and 4 hours',3,2,1),(110,'Yes','Between 2 and 3 hours',4,3,3),(111,'Yes','Between 2 and 3 hours',3,3,4),(112,'Yes','More than 5 hours',4,5,4),(113,'Yes','Between 2 and 3 hours',4,3,4),(114,'Yes','Between 1 and 2 hours',2,4,3),(115,'Yes','More than 5 hours',2,5,4),(116,'Yes','More than 5 hours',5,5,4),(117,'Yes','Between 2 and 3 hours',5,5,5),(118,'Yes','More than 5 hours',5,4,5),(119,'Yes','More than 5 hours',5,5,5),(120,'Yes','Between 4 and 5 hours',4,5,3),(121,'Yes','Less than an Hour',2,4,1),(122,'Yes','Between 3 and 4 hours',4,3,1),(123,'Yes','Between 4 and 5 hours',4,5,5),(124,'Yes','More than 5 hours',4,5,4),(125,'Yes','More than 5 hours',5,5,3),(126,'Yes','More than 5 hours',4,4,3),(127,'Yes','Between 2 and 3 hours',1,1,3),(128,'Yes','More than 5 hours',3,2,4),(129,'Yes','Between 3 and 4 hours',5,2,1),(130,'Yes','Between 2 and 3 hours',3,1,2),(131,'Yes','Between 2 and 3 hours',2,1,1),(132,'Yes','Between 1 and 2 hours',4,2,2),(133,'Yes','Between 2 and 3 hours',3,3,2),(134,'Yes','Less than an Hour',3,2,3),(135,'No','Between 1 and 2 hours',2,1,1),(136,'Yes','Between 4 and 5 hours',5,5,3),(137,'Yes','Between 2 and 3 hours',3,3,3),(138,'Yes','Between 2 and 3 hours',3,3,1),(139,'Yes','Between 1 and 2 hours',4,3,2),(140,'Yes','Between 3 and 4 hours',4,3,4),(141,'Yes','Between 3 and 4 hours',3,2,2),(142,'Yes','Between 4 and 5 hours',4,5,2),(143,'Yes','Between 1 and 2 hours',4,2,1),(144,'Yes','Less than an Hour',3,1,1),(145,'Yes','Between 4 and 5 hours',4,3,4),(146,'Yes','Between 1 and 2 hours',4,4,3),(147,'Yes','More than 5 hours',4,4,3),(148,'Yes','Between 1 and 2 hours',3,4,3),(149,'Yes','Between 3 and 4 hours',3,3,3),(150,'Yes','Between 4 and 5 hours',4,3,2),(151,'Yes','Between 3 and 4 hours',3,2,1),(152,'Yes','Between 4 and 5 hours',5,2,4),(153,'Yes','Between 2 and 3 hours',3,1,2),(154,'Yes','Between 1 and 2 hours',1,1,2),(155,'Yes','Less than an Hour',5,1,1),(156,'Yes','Between 3 and 4 hours',2,2,1),(157,'Yes','Less than an Hour',1,1,2),(158,'Yes','Between 2 and 3 hours',3,2,1),(159,'Yes','Between 1 and 2 hours',3,1,2),(160,'Yes','Between 4 and 5 hours',5,4,4),(161,'Yes','Between 1 and 2 hours',4,2,1),(162,'Yes','Less than an Hour',3,1,1),(163,'Yes','More than 5 hours',4,5,5),(164,'Yes','Between 3 and 4 hours',3,2,3),(165,'Yes','Between 2 and 3 hours',3,2,3),(166,'Yes','Less than an Hour',2,2,2),(167,'Yes','Less than an Hour',5,1,1),(168,'Yes','Between 2 and 3 hours',2,4,2),(169,'Yes','Between 1 and 2 hours',2,2,1),(170,'Yes','Less than an Hour',2,3,2),(171,'Yes','More than 5 hours',5,5,5),(172,'Yes','Between 3 and 4 hours',4,5,4),(173,'Yes','Between 1 and 2 hours',5,5,2),(174,'Yes','Between 1 and 2 hours',4,4,4),(175,'Yes','Between 4 and 5 hours',4,3,5),(176,'Yes','Between 2 and 3 hours',4,3,3),(177,'Yes','Less than an Hour',3,2,1),(178,'Yes','Between 3 and 4 hours',5,3,3),(179,'Yes','Between 4 and 5 hours',3,5,4),(180,'Yes','Between 2 and 3 hours',3,2,5),(181,'Yes','Between 1 and 2 hours',5,4,4),(182,'Yes','Between 1 and 2 hours',4,2,2),(183,'Yes','Less than an Hour',3,1,1),(184,'Yes','Between 4 and 5 hours',3,4,5),(185,'Yes','More than 5 hours',5,5,4),(186,'Yes','Between 2 and 3 hours',3,2,3),(187,'Yes','Between 1 and 2 hours',4,3,2),(188,'Yes','Between 4 and 5 hours',4,5,2),(189,'Yes','More than 5 hours',5,3,4),(190,'Yes','Between 2 and 3 hours',5,5,5),(191,'Yes','Between 2 and 3 hours',3,2,2),(192,'Yes','Between 2 and 3 hours',3,4,3),(193,'Yes','Between 4 and 5 hours',3,3,2),(194,'Yes','More than 5 hours',5,3,3),(195,'Yes','Between 3 and 4 hours',4,5,4),(196,'Yes','Between 2 and 3 hours',3,1,1),(197,'Yes','Between 2 and 3 hours',5,3,2),(198,'Yes','Between 4 and 5 hours',3,3,3),(199,'Yes','Less than an Hour',2,2,2),(200,'Yes','Between 1 and 2 hours',3,1,3),(201,'Yes','Between 1 and 2 hours',3,3,2),(202,'Yes','Between 3 and 4 hours',4,2,2),(203,'Yes','More than 5 hours',5,5,3),(204,'Yes','Between 3 and 4 hours',4,5,3),(205,'Yes','More than 5 hours',5,5,5),(206,'Yes','Between 2 and 3 hours',3,2,3),(207,'Yes','Between 3 and 4 hours',4,4,4),(208,'Yes','Between 3 and 4 hours',5,5,5),(209,'Yes','Between 2 and 3 hours',3,2,1),(210,'Yes','Between 3 and 4 hours',2,1,1),(211,'Yes','Between 2 and 3 hours',3,3,3),(212,'Yes','More than 5 hours',5,1,1),(213,'Yes','More than 5 hours',5,3,2),(214,'Yes','Less than an Hour',1,1,1),(215,'Yes','More than 5 hours',3,3,1),(216,'Yes','Between 4 and 5 hours',4,2,1),(217,'Yes','Less than an Hour',1,1,1),(218,'Yes','Between 1 and 2 hours',4,4,1),(219,'Yes','Between 1 and 2 hours',3,3,2),(220,'Yes','Between 1 and 2 hours',3,2,3),(221,'Yes','More than 5 hours',4,4,4),(222,'Yes','Between 2 and 3 hours',4,4,1),(223,'Yes','Between 1 and 2 hours',4,3,1),(224,'Yes','Between 3 and 4 hours',3,3,3),(225,'Yes','More than 5 hours',3,1,4),(226,'Yes','More than 5 hours',2,5,3),(227,'Yes','Between 3 and 4 hours',5,4,5),(228,'Yes','Between 2 and 3 hours',5,5,3),(229,'Yes','Less than an Hour',2,1,1),(230,'Yes','More than 5 hours',4,5,3),(231,'Yes','More than 5 hours',2,3,1),(232,'Yes','Less than an Hour',3,1,1),(233,'Yes','Between 1 and 2 hours',5,5,1),(234,'Yes','Between 3 and 4 hours',2,1,1),(235,'Yes','More than 5 hours',4,4,3),(236,'Yes','More than 5 hours',5,4,4),(237,'Yes','Less than an Hour',2,1,1),(238,'Yes','Between 2 and 3 hours',5,5,3),(239,'Yes','More than 5 hours',5,5,5),(240,'Yes','Between 4 and 5 hours',3,4,2),(241,'Yes','Between 4 and 5 hours',4,2,1),(242,'Yes','Between 3 and 4 hours',3,4,2),(243,'Yes','Less than an Hour',3,2,1),(244,'Yes','Between 3 and 4 hours',5,3,2),(245,'Yes','Between 1 and 2 hours',3,5,2),(246,'Yes','Between 4 and 5 hours',5,5,3),(247,'Yes','More than 5 hours',4,3,1),(248,'Yes','Between 2 and 3 hours',4,2,1),(249,'Yes','Between 1 and 2 hours',2,5,1),(250,'Yes','More than 5 hours',5,5,3),(251,'Yes','Between 1 and 2 hours',2,2,1),(252,'Yes','Between 4 and 5 hours',5,5,3),(253,'Yes','Between 4 and 5 hours',4,5,2),(254,'Yes','Between 2 and 3 hours',5,4,2),(255,'Yes','Less than an Hour',4,2,1),(256,'Yes','More than 5 hours',4,5,3),(257,'Yes','Between 2 and 3 hours',2,5,4),(258,'Yes','Between 4 and 5 hours',4,1,2),(259,'Yes','More than 5 hours',3,3,2),(260,'Yes','Between 2 and 3 hours',2,3,4),(261,'Yes','Between 1 and 2 hours',4,1,1),(262,'Yes','Between 2 and 3 hours',3,3,2),(263,'Yes','Between 1 and 2 hours',2,2,2),(264,'Yes','More than 5 hours',4,4,3),(265,'Yes','More than 5 hours',5,2,5),(266,'Yes','Between 3 and 4 hours',3,3,3),(267,'Yes','More than 5 hours',4,4,1),(268,'Yes','Between 2 and 3 hours',3,3,2),(269,'Yes','More than 5 hours',4,5,3),(270,'Yes','More than 5 hours',3,2,1),(271,'Yes','More than 5 hours',3,2,1),(272,'Yes','More than 5 hours',4,5,5),(273,'Yes','Between 3 and 4 hours',5,4,3),(274,'Yes','Between 1 and 2 hours',2,2,1),(275,'Yes','Between 2 and 3 hours',4,4,4),(276,'Yes','Between 3 and 4 hours',5,4,2),(277,'Yes','Between 4 and 5 hours',5,5,3),(278,'Yes','More than 5 hours',5,5,5),(279,'Yes','Between 2 and 3 hours',4,4,2),(280,'Yes','Between 2 and 3 hours',3,4,3),(281,'Yes','More than 5 hours',4,3,3),(282,'Yes','Between 3 and 4 hours',2,4,2),(283,'Yes','More than 5 hours',1,1,1),(284,'Yes','More than 5 hours',4,5,3),(285,'Yes','Between 4 and 5 hours',4,4,3),(286,'Yes','Between 3 and 4 hours',4,4,2),(287,'Yes','Between 3 and 4 hours',4,3,2),(288,'Yes','More than 5 hours',3,4,4),(289,'Yes','Between 4 and 5 hours',3,3,2),(290,'Yes','Between 3 and 4 hours',2,1,1),(291,'Yes','Between 2 and 3 hours',3,4,1),(292,'Yes','Between 3 and 4 hours',3,2,1),(293,'Yes','Between 4 and 5 hours',4,5,3),(294,'Yes','Between 2 and 3 hours',4,4,4),(295,'Yes','Between 1 and 2 hours',3,3,1),(296,'Yes','Between 2 and 3 hours',2,1,3),(297,'Yes','Between 4 and 5 hours',2,1,4),(298,'Yes','Between 2 and 3 hours',4,2,3),(299,'Yes','Between 1 and 2 hours',3,4,2),(300,'Yes','Between 2 and 3 hours',2,3,2),(301,'Yes','Between 2 and 3 hours',3,4,5),(302,'Yes','Between 2 and 3 hours',4,2,2),(303,'Yes','Between 2 and 3 hours',4,5,3),(304,'Yes','Between 2 and 3 hours',4,5,4),(305,'Yes','Between 3 and 4 hours',2,4,1),(306,'Yes','Between 4 and 5 hours',4,5,4),(307,'Yes','Between 4 and 5 hours',5,5,5),(308,'Yes','Between 3 and 4 hours',5,3,2),(309,'Yes','More than 5 hours',3,2,2),(310,'Yes','Between 3 and 4 hours',3,3,2),(311,'Yes','Between 3 and 4 hours',4,3,1),(312,'Yes','More than 5 hours',5,3,2),(313,'Yes','More than 5 hours',2,5,4),(314,'Yes','Between 1 and 2 hours',2,3,1),(315,'Yes','More than 5 hours',5,1,4),(316,'Yes','More than 5 hours',4,3,3),(317,'Yes','Between 3 and 4 hours',2,1,1),(318,'Yes','More than 5 hours',4,5,4),(319,'Yes','More than 5 hours',5,5,5),(320,'Yes','More than 5 hours',5,5,5),(321,'Yes','More than 5 hours',3,4,5),(322,'Yes','More than 5 hours',3,3,2),(323,'Yes','More than 5 hours',5,4,1),(324,'Yes','Less than an Hour',3,2,1),(325,'Yes','More than 5 hours',5,4,2),(326,'Yes','More than 5 hours',4,2,3),(327,'Yes','Between 3 and 4 hours',5,5,4),(328,'Yes','Between 2 and 3 hours',4,5,4),(329,'Yes','Between 2 and 3 hours',4,4,1),(330,'Yes','Between 2 and 3 hours',5,4,3),(331,'Yes','Between 3 and 4 hours',4,2,2),(332,'Yes','Between 2 and 3 hours',4,3,2),(333,'Yes','Between 2 and 3 hours',5,5,2),(334,'Yes','More than 5 hours',5,5,4),(335,'Yes','Between 4 and 5 hours',3,3,3),(336,'Yes','More than 5 hours',4,2,4),(337,'Yes','Between 3 and 4 hours',4,4,1),(338,'Yes','Between 3 and 4 hours',5,5,2),(339,'Yes','Between 2 and 3 hours',4,3,2),(340,'Yes','Between 1 and 2 hours',3,3,2),(341,'Yes','More than 5 hours',5,3,5),(342,'Yes','Between 4 and 5 hours',3,4,3),(343,'Yes','Between 3 and 4 hours',5,3,1),(344,'Yes','Between 1 and 2 hours',4,4,3),(345,'Yes','More than 5 hours',3,5,4),(346,'Yes','Between 2 and 3 hours',5,4,3),(347,'Yes','Less than an Hour',2,1,1),(348,'Yes','Between 4 and 5 hours',5,5,3),(349,'Yes','Between 4 and 5 hours',4,5,3),(350,'Yes','More than 5 hours',5,5,3),(351,'Yes','Between 3 and 4 hours',4,3,1),(352,'Yes','Between 1 and 2 hours',2,2,1),(353,'Yes','Between 4 and 5 hours',4,4,2),(354,'Yes','Between 1 and 2 hours',2,2,1),(355,'Yes','Between 4 and 5 hours',3,3,2),(356,'Yes','Less than an Hour',2,3,2),(357,'Yes','Between 2 and 3 hours',4,5,4),(358,'Yes','Between 1 and 2 hours',3,2,2),(359,'Yes','More than 5 hours',5,5,5),(360,'Yes','Between 2 and 3 hours',4,4,1),(361,'Yes','Between 4 and 5 hours',3,3,4),(362,'Yes','Between 1 and 2 hours',4,4,1),(363,'Yes','Between 4 and 5 hours',4,5,3),(364,'Yes','Between 4 and 5 hours',4,2,2),(365,'Yes','Between 2 and 3 hours',3,2,1),(366,'Yes','Between 4 and 5 hours',5,4,2),(367,'Yes','Between 2 and 3 hours',4,5,4),(368,'Yes','More than 5 hours',5,5,5),(369,'Yes','More than 5 hours',4,5,5),(370,'Yes','Between 3 and 4 hours',3,3,3),(371,'Yes','More than 5 hours',5,2,2),(372,'Yes','Between 1 and 2 hours',5,5,2),(373,'Yes','Less than an Hour',3,2,1),(374,'Yes','Between 3 and 4 hours',4,4,2),(375,'Yes','Between 2 and 3 hours',4,4,3),(376,'Yes','Between 4 and 5 hours',3,2,2),(377,'Yes','Between 4 and 5 hours',3,2,2),(378,'Yes','Between 2 and 3 hours',4,5,3),(379,'Yes','Between 3 and 4 hours',3,4,2),(380,'Yes','More than 5 hours',4,3,3),(381,'Yes','More than 5 hours',5,5,3),(382,'Yes','Between 3 and 4 hours',4,3,2),(383,'Yes','More than 5 hours',4,2,2),(384,'Yes','Between 1 and 2 hours',3,4,1),(385,'Yes','Between 3 and 4 hours',4,5,3),(386,'Yes','Between 2 and 3 hours',5,4,2),(387,'Yes','Between 4 and 5 hours',5,5,2),(388,'Yes','Between 4 and 5 hours',4,4,2),(389,'Yes','Between 2 and 3 hours',3,4,3),(390,'Yes','Between 4 and 5 hours',5,5,5),(391,'Yes','More than 5 hours',4,4,4),(392,'Yes','More than 5 hours',3,3,3),(393,'Yes','More than 5 hours',5,4,4),(394,'Yes','More than 5 hours',4,5,5),(395,'Yes','More than 5 hours',5,4,2),(396,'Yes','Between 1 and 2 hours',4,2,1),(397,'Yes','More than 5 hours',5,4,4),(398,'Yes','More than 5 hours',4,4,3),(399,'Yes','Between 2 and 3 hours',2,1,4),(400,'Yes','Between 4 and 5 hours',3,4,1),(401,'Yes','Between 3 and 4 hours',4,2,3),(402,'Yes','Between 1 and 2 hours',2,2,3),(403,'Yes','More than 5 hours',5,4,3),(404,'Yes','Less than an Hour',1,1,1),(405,'Yes','Less than an Hour',1,1,1),(406,'Yes','Between 3 and 4 hours',4,5,2),(407,'Yes','Between 3 and 4 hours',5,5,5),(408,'Yes','More than 5 hours',3,5,2),(409,'Yes','Between 4 and 5 hours',4,5,5),(410,'Yes','More than 5 hours',5,2,4),(411,'Yes','Between 3 and 4 hours',4,4,3),(412,'Yes','More than 5 hours',3,4,4),(413,'Yes','Between 3 and 4 hours',5,3,3),(414,'Yes','More than 5 hours',2,4,3),(415,'Yes','Between 4 and 5 hours',4,4,2),(416,'Yes','Between 3 and 4 hours',4,5,4),(417,'Yes','Between 3 and 4 hours',2,1,1),(418,'Yes','Between 3 and 4 hours',5,3,4),(419,'Yes','Between 3 and 4 hours',3,4,2),(420,'Yes','Between 1 and 2 hours',4,5,3),(421,'Yes','More than 5 hours',4,4,3),(422,'Yes','Less than an Hour',2,2,3),(423,'Yes','Between 2 and 3 hours',4,3,3),(424,'Yes','More than 5 hours',4,5,3),(425,'Yes','Between 1 and 2 hours',4,3,1),(426,'Yes','Between 2 and 3 hours',4,1,3),(427,'Yes','Between 3 and 4 hours',4,3,5),(428,'Yes','More than 5 hours',5,5,5),(429,'Yes','Between 3 and 4 hours',1,5,1),(430,'Yes','Between 3 and 4 hours',4,5,4),(431,'Yes','More than 5 hours',4,3,2),(432,'Yes','More than 5 hours',5,5,2),(433,'Yes','More than 5 hours',3,5,3),(434,'Yes','Between 4 and 5 hours',4,3,2),(435,'Yes','Between 4 and 5 hours',3,1,2),(436,'Yes','Between 2 and 3 hours',3,2,2),(437,'Yes','More than 5 hours',1,5,2),(438,'Yes','Between 4 and 5 hours',4,3,3),(439,'Yes','More than 5 hours',5,4,2),(440,'Yes','Between 4 and 5 hours',4,3,2),(441,'Yes','Between 3 and 4 hours',4,4,5),(442,'Yes','Between 3 and 4 hours',3,4,4),(443,'Yes','Between 2 and 3 hours',4,2,1),(444,'Yes','More than 5 hours',4,5,3),(445,'Yes','Between 4 and 5 hours',5,3,2),(446,'Yes','Between 1 and 2 hours',2,1,1),(447,'Yes','Between 3 and 4 hours',3,5,3),(448,'Yes','More than 5 hours',5,3,4),(449,'Yes','Between 3 and 4 hours',4,4,4),(450,'Yes','Between 2 and 3 hours',3,5,2),(451,'Yes','Between 3 and 4 hours',2,2,1),(452,'Yes','Between 4 and 5 hours',4,3,1),(453,'Yes','Between 3 and 4 hours',1,1,1),(454,'Yes','Between 2 and 3 hours',1,2,1),(455,'Yes','Less than an Hour',3,4,3),(456,'Yes','Less than an Hour',2,1,1),(457,'Yes','Between 2 and 3 hours',1,1,1),(458,'Yes','Between 1 and 2 hours',3,2,3),(459,'Yes','Between 2 and 3 hours',3,3,3),(460,'Yes','Between 4 and 5 hours',3,5,3),(461,'Yes','Between 1 and 2 hours',1,1,1),(462,'Yes','Between 3 and 4 hours',2,2,1),(463,'Yes','Between 2 and 3 hours',5,4,1),(464,'Yes','Between 4 and 5 hours',3,4,1),(465,'Yes','Between 2 and 3 hours',3,4,2),(466,'Yes','More than 5 hours',4,4,3),(467,'Yes','Between 4 and 5 hours',2,4,2),(468,'Yes','Between 1 and 2 hours',3,3,1),(469,'Yes','More than 5 hours',2,3,1),(470,'Yes','Between 4 and 5 hours',1,1,1),(471,'Yes','Between 1 and 2 hours',2,2,1),(472,'Yes','More than 5 hours',5,4,2),(473,'Yes','Between 1 and 2 hours',3,2,2),(474,'Yes','Between 2 and 3 hours',4,4,3),(475,'Yes','Between 4 and 5 hours',2,4,4),(476,'Yes','Between 3 and 4 hours',5,5,3),(477,'Yes','Between 2 and 3 hours',3,4,3),(478,'Yes','Between 1 and 2 hours',2,1,2),(479,'Yes','Between 2 and 3 hours',3,3,4),(480,'Yes','Between 2 and 3 hours',2,3,2),(481,'Yes','Less than an Hour',2,3,1),(487,'S','Menos de 1 hora',1,1,1),(492,'S','Menos de 1 hora',1,1,1),(493,'S','Menos de 1 hora',1,1,1),(495,'S','Menos de 1 hora',1,1,1),(496,'S','Menos de 1 hora',1,1,1),(497,'S','Menos de 1 hora',1,1,1),(498,'S','Menos de 1 hora',1,1,1),(499,'S','Entre 1 y 2 horas',1,1,1);
/*!40000 ALTER TABLE `social_media_usage` ENABLE KEYS */;
UNLOCK TABLES;

--
-- Table structure for table `staging_smmh`
--

DROP TABLE IF EXISTS `staging_smmh`;
/*!40101 SET @saved_cs_client     = @@character_set_client */;
/*!50503 SET character_set_client = utf8mb4 */;
CREATE TABLE `staging_smmh` (
  `ts` text COLLATE utf8mb4_unicode_ci,
  `q1_age` int DEFAULT NULL,
  `q2_gender` text COLLATE utf8mb4_unicode_ci,
  `q3_rel_status` text COLLATE utf8mb4_unicode_ci,
  `q4_occup_status` text COLLATE utf8mb4_unicode_ci,
  `q5_org_affil` text COLLATE utf8mb4_unicode_ci,
  `q6_use_sm` text COLLATE utf8mb4_unicode_ci,
  `q7_platforms` text COLLATE utf8mb4_unicode_ci,
  `q8_daily_time` text COLLATE utf8mb4_unicode_ci,
  `q9_aimless_freq` int DEFAULT NULL,
  `q10_distract_freq` int DEFAULT NULL,
  `q11_restless_freq` int DEFAULT NULL,
  `q12_distract_scale` int DEFAULT NULL,
  `q13_worry_scale` int DEFAULT NULL,
  `q14_concentrate_diff` text COLLATE utf8mb4_unicode_ci,
  `q15_compare_freq` int DEFAULT NULL,
  `q16_compare_feeling` text COLLATE utf8mb4_unicode_ci,
  `q17_validation_freq` int DEFAULT NULL,
  `q18_dep_freq` int DEFAULT NULL,
  `q19_interest_scale` int DEFAULT NULL,
  `q20_sleep_scale` int DEFAULT NULL
) ENGINE=InnoDB DEFAULT CHARSET=utf8mb4 COLLATE=utf8mb4_unicode_ci;
/*!40101 SET character_set_client = @saved_cs_client */;

--
-- Dumping data for table `staging_smmh`
--

LOCK TABLES `staging_smmh` WRITE;
/*!40000 ALTER TABLE `staging_smmh` DISABLE KEYS */;
/*!40000 ALTER TABLE `staging_smmh` ENABLE KEYS */;
UNLOCK TABLES;

--
-- Table structure for table `users`
--

DROP TABLE IF EXISTS `users`;
/*!40101 SET @saved_cs_client     = @@character_set_client */;
/*!50503 SET character_set_client = utf8mb4 */;
CREATE TABLE `users` (
  `user_id` int NOT NULL AUTO_INCREMENT,
  `username` varchar(50) COLLATE utf8mb4_unicode_ci NOT NULL,
  `password` varchar(255) COLLATE utf8mb4_unicode_ci NOT NULL,
  `role` varchar(20) COLLATE utf8mb4_unicode_ci DEFAULT NULL,
  PRIMARY KEY (`user_id`),
  UNIQUE KEY `username` (`username`)
) ENGINE=InnoDB AUTO_INCREMENT=5 DEFAULT CHARSET=utf8mb4 COLLATE=utf8mb4_unicode_ci;
/*!40101 SET character_set_client = @saved_cs_client */;

--
-- Dumping data for table `users`
--

LOCK TABLES `users` WRITE;
/*!40000 ALTER TABLE `users` DISABLE KEYS */;
INSERT INTO `users` VALUES (1,'admin','$2a$12$OP4wXTt8HDHX41w8ZDF99ueDya65XGupmXhzMSEGtD2LtWWZlUkCK','admin');
/*!40000 ALTER TABLE `users` ENABLE KEYS */;
UNLOCK TABLES;
/*!40103 SET TIME_ZONE=@OLD_TIME_ZONE */;

/*!40101 SET SQL_MODE=@OLD_SQL_MODE */;
/*!40014 SET FOREIGN_KEY_CHECKS=@OLD_FOREIGN_KEY_CHECKS */;
/*!40014 SET UNIQUE_CHECKS=@OLD_UNIQUE_CHECKS */;
/*!40101 SET CHARACTER_SET_CLIENT=@OLD_CHARACTER_SET_CLIENT */;
/*!40101 SET CHARACTER_SET_RESULTS=@OLD_CHARACTER_SET_RESULTS */;
/*!40101 SET COLLATION_CONNECTION=@OLD_COLLATION_CONNECTION */;
/*!40111 SET SQL_NOTES=@OLD_SQL_NOTES */;

-- Dump completed on 2025-06-10  9:23:29
